Trdmnt,600000,600009,600010,600015,600016,600019,600028,600029,600030,600031,600036,600048,600050,600085,600104,600111,600196,600309,600352,600362,600383,600489,600519,600547,600585,600588,600660,600690,600741,600795,600837,600900,601006,601009,601088,601111,601166,601169,601186,601318,601328,601390,601398,601600,601601,601628,601766,601857,601899,601939,601988,601998
2009-12-01,-0.014986,0.139307,-0.027254,0.098143,0.027273,0.182375,0.157765,0.011686,0.088386,0.014609,0.043956,-0.100402,0.116386,0.012518,0.029957,-0.063205,-0.003057,0.028266,0.130693,-0.051875,-0.103359,-0.025744,-0.023518,-0.023233,0.139397,0.163652,0.066381,0.055343,0.146535,0.022161,0.194894,-0.007429,-0.055046,0.106346,-0.017772,0.134346,0.049193,0.092038,-0.009751,-0.030447,0.103896,-0.007874,0.040153,-0.006181,0.042735,0.036298,-0.02901,0.025984,-0.036,0.043845,0.050971,0.270062
2010-01-01,-0.095436,0.064868,-0.131466,-0.13285,-0.085967,-0.215321,-0.189496,0.00495,-0.109852,-0.162184,-0.159557,-0.149107,-0.035665,0.152164,-0.229621,-0.15609,0.027082,-0.074136,0.069177,-0.152201,-0.148415,-0.153569,-0.007537,-0.183562,-0.186723,0.006869,-0.149264,-0.185559,-0.202073,-0.063686,-0.114643,-0.043413,-0.053398,-0.15969,-0.154222,0.049434,-0.202183,-0.194933,-0.067834,-0.156471,-0.126203,-0.092063,-0.108456,-0.123013,-0.137393,-0.146418,-0.042179,-0.053546,-0.139004,-0.087237,-0.053118,-0.157959
2010-02-01,0.057085,0.031806,0.029777,0.01857,0.013831,0.060686,-0.011384,0.087028,-0.033946,0.060311,0.048121,0.044596,-0.044097,0.041271,0.092896,0.103717,0.061194,0.079172,0.023751,0.027867,0.075296,0.00892,-0.010087,0.041336,0.007645,0.020826,0.023603,0.097078,0.014069,0.043415,0.004709,0.016432,-0.006154,0.017835,-0.020713,0.142296,0.078669,0.026333,0.016432,-0.031203,0.003672,0.012238,0.004124,-0.000788,0.074661,-0.002588,0.020183,-0.006116,0.026506,-0.00354,0.009756,0.002886
2010-03-01,0.098361,-0.03187,0.019277,0.168642,0.049113,-0.0199,0.038973,0.140483,0.040264,0.037003,0.079199,0.039176,-0.065476,-0.078478,-0.069545,0.098669,-0.015002,-0.010004,0.0024,0.017409,0.111723,-0.018887,-0.04843,0.020946,0.080764,0.028843,-0.05073,-0.054628,0.005336,0.147018,-0.009959,-0.036182,-0.009288,0.06284,0.00208,0.071306,0.064284,0.046308,-0.026559,0.119502,0.009756,0.001727,0.022587,0.012618,0.136842,0.055597,0.0,-0.012308,-0.037559,0.007105,0.036232,0.057554
2010-04-01,-0.096137,-0.134377,-0.073286,-0.0078,-0.087126,-0.125635,-0.140665,0.117881,0.018297,-0.176644,-0.123464,-0.219318,-0.062102,0.071828,-0.07914,0.270135,0.064255,-0.143158,-0.09577,-0.050771,-0.140127,0.185132,-0.187264,0.034003,-0.158741,0.04629,-0.078207,-0.137058,0.009554,-0.035067,-0.205325,0.090256,-0.053125,-0.126208,-0.082353,-0.002406,-0.179091,-0.156699,-0.05694,-0.019841,-0.140097,-0.106897,-0.088353,-0.103583,-0.061852,-0.067065,-0.043165,-0.057632,-0.023171,-0.074074,-0.02331,-0.17551
2010-05-01,-0.099563,-0.166459,-0.135204,-0.161193,-0.068376,-0.050905,-0.144841,-0.226303,-0.315826,-0.029728,-0.07288,-0.105263,-0.13073,0.158106,-0.118302,0.14955,-0.002683,-0.10534,-0.042683,-0.149823,-0.037696,0.009331,0.022088,0.099965,-0.052759,-0.078423,-0.172014,0.041505,-0.138801,-0.119295,-0.207744,-0.102564,-0.064906,-0.139232,-0.106712,-0.131029,-0.060596,-0.078014,-0.09434,-0.081781,-0.063351,-0.119691,-0.025172,-0.106864,-0.144098,-0.092586,-0.06391,-0.103306,-0.113608,-0.055238,-0.023866,-0.141914
2010-06-01,-0.038355,-0.110696,-0.117994,0.055028,-0.074924,-0.072441,-0.080712,-0.038285,-0.091928,0.017224,-0.016629,-0.074208,0.051704,-0.215177,-0.037279,-0.132209,-0.215247,-0.184916,-0.153488,-0.163712,-0.059006,-0.115562,-0.034274,-0.080576,-0.075527,0.026798,-0.041981,0.014878,0.022881,-0.060345,-0.130361,0.019592,-0.003444,-0.006316,-0.072604,-0.049029,-0.12745,-0.066923,0.0,0.031966,-0.049386,-0.089912,-0.046948,-0.107977,0.050277,0.053318,-0.032129,-0.043736,-0.13291,-0.052419,-0.13927,0.038462
2010-07-01,0.101471,0.116905,0.137124,0.107014,0.11751,0.112054,0.138107,0.176752,0.095726,0.257252,0.13436,0.285435,0.030019,0.05704,0.249389,0.219375,0.140632,0.130912,0.22967,0.228505,0.189769,0.114521,0.099059,-0.010165,0.241465,0.017857,0.179775,0.16163,0.163772,0.091743,0.124724,0.017165,0.05508,0.168327,0.108631,0.192607,0.16891,0.16644,0.088436,,0.091514,0.127271,0.061577,0.187568,0.036218,-0.031984,0.129258,0.044878,0.019769,0.098359,0.056047,0.126176
2010-08-01,-0.066088,0.002279,0.0,-0.049553,-0.035778,-0.012214,-0.075281,-0.033829,-0.085803,0.195908,-0.067493,-0.087452,-0.071038,0.10038,0.07045,0.324249,0.113293,-0.016364,-0.085791,0.046211,-0.079057,0.107244,0.148266,0.182348,0.177,0.041835,0.057143,0.037003,0.19403,-0.072829,-0.055937,-0.036496,-0.00348,-0.051151,0.008,-0.084013,-0.047177,-0.093123,-0.028683,,-0.082317,-0.049892,-0.053364,-0.072544,0.008158,-0.067336,-0.05,-0.040149,0.050081,-0.054545,-0.069832,-0.0601
2010-09-01,-0.073624,-0.057315,-0.029412,-0.076923,-0.053803,0.02473,0.006015,0.159664,-0.09215,0.065162,-0.043575,0.03,-0.003922,0.290149,0.026813,0.340426,-0.065807,0.046827,0.056696,0.010718,-0.033133,0.110734,0.059662,0.311502,-0.038658,0.118307,0.063964,0.035683,0.145536,0.0,-0.064449,-0.032828,-0.020955,-0.043127,-0.013784,0.058771,-0.098635,-0.056872,-0.005369,0.140376,-0.019905,-0.031963,-0.009804,0.10297,-0.07155,-0.034529,0.11306,0.006176,0.118462,-0.017094,0.003003,-0.095915
2010-10-01,0.117284,0.128,0.366667,0.199074,0.070588,0.081448,0.086585,0.423913,0.457707,0.523874,0.125097,0.153722,0.062992,0.105169,0.188131,0.181759,0.037037,0.195409,0.12766,0.405527,0.065421,0.111933,-0.033071,0.066583,0.175431,-0.056371,0.145639,0.171842,0.070928,0.030211,0.382222,0.061358,0.054697,0.198122,0.211351,0.310345,0.17474,0.149079,0.017544,0.132917,0.063793,0.125,0.079208,0.155296,0.18578,0.177427,0.047285,0.099214,0.325997,0.095652,0.062874,0.121807
2010-11-01,-0.123619,-0.137589,-0.110865,-0.149035,-0.071429,-0.124128,-0.087542,-0.245123,-0.173436,0.022201,-0.104324,-0.15007,-0.059259,0.070161,-0.144855,-0.219751,0.016807,-0.057115,0.153404,-0.195245,-0.146199,-0.110525,0.255348,-0.103541,0.006767,0.066694,-0.166297,-0.090018,-0.156477,-0.090909,-0.21463,-0.068881,-0.082759,-0.17255,-0.153497,-0.200899,-0.115243,-0.132653,-0.114058,-0.053905,-0.098865,-0.109015,-0.019774,-0.215229,-0.103288,-0.12071,0.138796,-0.010724,-0.150415,-0.066348,-0.049218,-0.049037
2010-12-01,-0.023641,0.018914,-0.054863,-0.010889,-0.009862,0.017516,-0.00861,0.094382,-0.017941,-0.000462,-0.018391,0.047855,0.05315,-0.13891,-0.142523,0.008043,-0.072314,0.002089,-0.165718,0.283239,0.058219,0.039959,-0.101997,-0.013291,0.10829,-0.107787,-0.090426,0.125249,-0.119068,-0.013453,-0.013306,0.0,-0.033375,-0.002008,0.020653,0.098795,0.000832,-0.038655,0.01497,-0.009349,-0.014389,0.018824,0.009524,0.00396,-0.012079,-0.044415,0.108664,0.01355,0.002442,-0.006493,-0.012232,-0.033149
2011-01-01,0.026634,0.133172,0.01847,0.022936,0.001992,0.081377,0.116625,-0.11807,-0.003971,0.0319,-0.014052,0.019685,0.140187,-0.113477,0.183924,-0.159434,-0.106904,0.040646,-0.069054,-0.132832,0.108414,-0.124194,-0.032242,-0.127111,0.005391,-0.092863,0.102339,-0.126905,0.220372,-0.039216,-0.020747,0.036988,0.107417,0.029175,-0.039255,-0.145468,0.081081,0.015734,0.169617,-0.115028,0.010949,0.152425,0.002358,0.024655,-0.024454,-0.004695,0.201325,0.017825,-0.119367,0.045752,0.003096,-0.013333
2011-02-01,-0.000786,0.036325,0.240933,0.023318,0.015905,0.005789,-0.053333,0.020955,0.173046,0.129032,0.019002,-0.044788,-0.036066,0.15334,0.061565,0.21582,0.054032,0.278918,0.121795,0.066633,-0.055474,0.067365,0.003877,0.076288,0.159853,0.036967,0.107869,0.252538,0.02809,0.010204,0.103814,-0.008917,-0.033487,0.020528,0.087195,0.011976,0.003846,0.003442,-0.062191,0.001207,0.001805,-0.0501,0.002353,0.034649,0.004476,0.008019,-0.100331,-0.000876,0.149378,0.004167,0.0,0.019305
2011-03-01,0.071597,-0.068041,0.561587,0.099912,0.093933,0.017266,0.001174,-0.083238,-0.050306,0.107937,0.094794,0.085691,-0.032313,0.021113,,0.196411,-0.07571,-0.026233,-0.084898,-0.070129,0.049459,-0.033148,0.006548,0.060178,0.17076,-0.09415,-0.007981,-0.086872,,0.030303,-0.035509,0.024422,0.0227,0.060345,0.127083,-0.069315,0.1,0.026587,-0.070365,-0.006029,0.025225,-0.056962,0.049296,0.057674,-0.01426,-0.017782,-0.115196,0.042945,-0.084236,0.03112,0.027778,0.073864
2011-04-01,0.048458,0.04646,-0.074866,0.012957,0.100179,-0.024045,0.012896,0.080846,-0.052971,-0.012645,0.02626,-0.021593,0.026362,0.022911,-0.012466,-0.007327,-0.017918,-0.021311,-0.048171,-0.052767,-0.061856,0.025782,0.013678,-0.024,-0.067621,-0.019677,-0.111298,0.00497,-0.124122,0.098039,-0.032836,0.032622,0.049065,-0.044264,0.019251,0.008174,0.017067,0.007519,-0.017467,0.056005,0.045694,-0.01566,0.020134,-0.065084,0.096293,-0.033349,-0.040166,-0.015966,0.014455,0.04829,0.012012,-0.0194
2011-05-01,-0.029412,-0.058492,-0.011561,-0.011981,-0.014634,-0.076812,-0.06713,-0.13809,-0.028723,-0.083969,-0.038036,-0.056053,-0.02226,-0.093417,-0.091658,0.218941,-0.048653,-0.092823,-0.081537,-0.10163,-0.073783,-0.122193,0.117876,-0.123916,-0.053467,0.026814,-0.053131,-0.074532,-0.096257,-0.077381,-0.067901,-0.100851,-0.060134,-0.089792,-0.043508,-0.143243,-0.1105,-0.085406,-0.094815,-0.067394,-0.031933,-0.056818,0.0,-0.084666,-0.088247,-0.057664,-0.041847,-0.059778,-0.076425,-0.032629,-0.008902,-0.070144
2011-06-01,-0.065799,-0.041916,0.222605,-0.121261,-0.03751,-0.006513,0.037643,0.046729,0.060453,0.07381,-0.042744,0.170394,-0.08056,0.07442,0.132326,0.014775,-0.006393,0.120359,-0.012371,0.07199,0.097897,0.083703,0.043327,0.001116,0.17376,0.047136,0.038076,0.066794,0.120457,-0.013012,0.013258,0.008939,0.01278,-0.047557,0.09195,0.021424,-0.050035,-0.076578,-0.00982,-0.009033,-0.038194,-0.038554,0.020216,0.131552,0.029073,0.002636,0.078729,0.005822,0.015428,0.022091,-0.016445,-0.081238
2011-07-01,-0.044715,0.021875,-0.088623,-0.052438,-0.050611,-0.036484,-0.055893,0.054847,-0.054281,-0.052661,-0.051459,-0.047316,-0.019895,0.206916,-0.083646,-0.058519,-0.004254,-0.04062,-0.028184,0.023752,-0.043682,0.020887,0.080937,0.065343,-0.100504,0.104066,-0.052124,-0.088001,-0.039533,-0.074324,-0.055432,-0.065187,-0.072039,-0.020067,-0.01493,0.037539,-0.008902,-0.023069,-0.121519,-0.070083,-0.04148,-0.110276,-0.047085,-0.058023,-0.066101,-0.055467,-0.183989,-0.019284,0.155988,-0.046559,-0.019108,0.038694
2011-08-01,-0.011702,0.015487,-0.134034,0.023301,0.101103,-0.089501,-0.052767,-0.053204,-0.016168,-0.055003,-0.040486,0.048711,-0.048828,-0.051552,-0.090642,-0.093234,-0.036313,-0.051811,-0.05478,-0.086752,0.003263,-0.002513,0.039092,0.004396,-0.111334,0.051732,-0.043788,-0.116535,-0.02058,-0.091241,-0.055164,-0.062315,-0.011842,-0.059158,-0.092287,-0.072362,-0.002246,0.004107,-0.100569,-0.084719,-0.010395,-0.102857,-0.025882,-0.112934,-0.009087,-0.100508,-0.122203,-0.074906,-0.027223,-0.025478,-0.025974,-0.04904
2011-09-01,-0.080732,-0.104704,-0.156297,-0.040797,-0.078464,-0.035917,-0.045031,-0.180077,-0.075596,-0.10774,-0.066667,-0.157559,0.051335,-0.156269,0.034304,-0.098065,-0.096618,-0.065217,-0.1,-0.189681,-0.20813,-0.198273,-0.112586,-0.189871,-0.224876,-0.075031,-0.037274,-0.181818,-0.020057,-0.088353,-0.017391,-0.009494,-0.045273,-0.018138,-0.05974,-0.148429,-0.070518,-0.056237,-0.084388,-0.172786,-0.058823,-0.076433,-0.038647,-0.118607,-0.107625,-0.074702,-0.115686,0.015685,-0.190299,-0.041394,-0.05,-0.035874
2011-10-01,0.078454,0.083051,-0.077338,0.097923,0.106884,0.033333,0.030303,0.012461,0.066667,0.042332,0.094033,0.114595,0.0625,0.090044,0.022528,-0.134182,0.052406,-0.056568,0.022727,0.049813,0.061602,-0.030521,0.071462,-0.010805,0.172093,-0.072105,-0.033186,0.125272,-0.004873,0.118943,0.150442,0.047923,0.07113,0.096059,0.06472,0.015267,0.073446,0.099675,0.082949,0.152219,0.051339,0.075862,0.085427,0.037037,0.070308,0.13365,0.215078,0.001013,0.043779,0.095455,0.052631,0.034884
2011-11-01,-0.07709,0.014085,-0.138402,-0.063964,-0.050736,-0.081594,-0.005602,-0.116923,-0.105,-0.1751,-0.073554,-0.106693,-0.034926,0.108126,-0.171971,-0.065519,-0.050813,-0.117921,-0.080247,-0.113807,-0.148936,-0.016667,0.028647,-0.055917,-0.191468,-0.043711,-0.09611,-0.175218,-0.124388,0.03937,-0.130769,-0.007622,-0.029948,-0.014607,-0.058933,-0.142857,-0.083459,-0.073892,-0.080851,-0.088418,-0.046709,-0.086538,-0.030093,-0.085714,-0.083881,0.025135,-0.071168,-0.04251,-0.057395,-0.026971,-0.04,-0.080787
2011-12-01,-0.001176,-0.055556,-0.067873,0.080847,0.015517,0.002066,0.011268,-0.174216,-0.095903,0.012107,0.058876,0.085776,-0.001905,-0.149697,0.045085,-0.154382,-0.085653,-0.02568,-0.232215,-0.109065,0.125,-0.175612,-0.079787,-0.217906,-0.039877,-0.08583,0.01519,0.048122,0.035794,0.056818,-0.063211,-0.023041,0.001342,0.058153,-0.002363,-0.068713,0.027071,-0.012766,-0.122685,-0.023256,-0.002227,-0.115789,0.011933,-0.164063,0.05957,0.029772,-0.149312,0.029598,-0.105386,-0.031983,0.013889,0.0
2012-01-01,0.085984,0.021242,0.182039,0.060552,0.089983,0.049485,0.08078,0.059072,0.100927,0.133174,0.065712,0.05,-0.068702,-0.019957,0.067185,0.237311,0.010539,0.05969,0.076923,0.160055,0.068687,0.286693,-0.035644,0.228602,0.109904,-0.086111,0.062344,0.031355,0.066955,-0.007168,0.128205,0.02044,0.032172,0.042026,0.060008,0.067504,0.107029,0.077586,0.07124,0.11324,0.080357,0.031746,0.014151,0.110592,0.093701,0.064626,0.062356,0.048255,0.162304,0.050661,0.027397,0.079208
2012-02-01,0.034707,0.0496,0.080082,-0.028547,0.02648,0.035363,-0.018041,0.057769,0.103835,0.026038,0.017391,0.057143,0.002049,0.084364,0.045063,0.18707,0.070684,0.085589,0.100649,0.060535,0.096408,0.060808,0.09683,0.079415,0.032815,0.130699,0.032864,0.138979,0.064777,-0.00361,0.07177,0.006163,-0.01039,-0.001034,0.027561,0.030882,0.032468,0.071,0.096059,0.064684,0.03719,0.061538,0.030232,0.053296,0.0,-0.004792,0.071739,0.030362,0.06982,0.023061,0.023333,0.036697
2012-03-01,-0.063941,-0.015244,0.131179,-0.072602,-0.048558,-0.094877,-0.05643,-0.150659,-0.017797,-0.158436,-0.075369,0.017117,-0.134969,-0.066398,-0.059607,0.207889,-0.001082,-0.119272,-0.073746,-0.113788,0.032759,-0.142259,-0.036682,-0.129084,-0.120401,0.009677,-0.089773,-0.019066,-0.04943,-0.065217,0.00558,-0.001531,-0.02231,-0.090062,-0.071765,-0.161198,-0.069182,-0.0831,-0.110112,-0.103871,-0.061753,-0.112319,-0.022573,-0.125167,-0.081866,-0.125201,-0.099391,-0.078898,-0.134737,-0.010246,-0.029316,-0.057522
2012-04-01,0.053751,0.003096,0.013445,0.044734,0.060606,0.048218,-0.001391,0.075388,0.121657,0.151589,0.02521,0.10806,0.023641,0.020833,0.037087,0.063062,0.020585,0.088429,0.066879,0.089921,0.081803,0.125854,0.14013,0.071363,0.107098,0.029699,0.057428,0.084548,0.036,0.0,0.097669,-0.006135,0.002685,0.061433,0.04998,0.079932,0.074324,0.0611,0.108586,0.112903,0.038217,0.114287,0.009238,0.077626,0.125972,0.112538,0.130631,0.024768,0.046229,-0.008282,0.02349,0.06338
2012-05-01,-0.068013,0.007716,0.054679,-0.098351,-0.042105,-0.032,-0.042194,-0.006186,0.059231,0.057325,-0.044262,0.090328,-0.053118,0.053483,0.022107,0.250789,0.111465,0.109398,-0.058209,-0.014198,0.083333,0.0026,0.053972,-0.023342,0.025758,0.010759,0.034238,0.092294,-0.027027,-0.023256,0.056623,0.064815,-0.004016,-0.045016,-0.032726,-0.015748,-0.044382,-0.050864,0.020501,0.028986,-0.03681,0.010988,-0.034325,-0.029661,-0.023941,-0.042881,-0.017928,-0.048338,-0.044186,-0.06263,-0.006557,-0.064018
2012-06-01,-0.038472,-0.024502,-0.229068,-0.039554,-0.012402,-0.068462,-0.056886,-0.043568,-0.082789,-0.068273,-0.028502,0.012562,-0.092683,0.165665,-0.090967,-0.10724,-0.005445,-0.116479,-0.076908,-0.069288,-0.067665,-0.070009,0.010436,-0.038863,-0.154752,-0.044458,-0.061112,-0.024634,-0.080291,0.11328,-0.078469,-0.014493,-0.055108,-0.01022,-0.103548,-0.016,-0.026257,-0.012133,-0.006697,0.091907,-0.015184,-0.068841,-0.015877,-0.101893,0.063839,0.06579,-0.075051,-0.025064,-0.055961,-0.012165,-0.018867,-0.056604
2012-07-01,-0.057811,-0.015699,0.02459,-0.07075,0.003339,-0.027778,-0.039683,-0.046538,-0.032462,-0.144397,-0.091575,0.005291,-0.034463,-0.002729,-0.083389,-0.099088,0.062076,-0.018727,-0.09075,-0.143755,-0.109568,0.001859,0.046849,0.020097,-0.024966,-0.107471,-0.05243,-0.046075,-0.010033,-0.02963,-0.006231,0.004918,-0.104924,-0.032864,-0.01379,0.00202,-0.038521,-0.052336,0.074799,-0.027245,-0.035242,0.003261,-0.050633,-0.056726,-0.022092,0.02459,-0.046053,-0.020994,-0.029492,-0.054762,-0.031915,0.019312
2012-08-01,-0.006527,0.002971,0.022,-0.006818,-0.006656,0.038095,-0.001653,-0.173397,-0.133598,-0.150619,0.016129,-0.174561,0.061797,-0.01971,-0.113281,-0.112799,0.0,-0.041221,0.049904,-0.019461,-0.129983,-0.018258,-0.108262,0.000896,-0.100346,0.053598,-0.043185,-0.065295,-0.059685,-0.030534,-0.121583,-0.016717,0.011824,-0.038835,-0.032476,-0.2,-0.013622,-0.027815,-0.09188,-0.121835,-0.013699,-0.027668,0.018667,-0.113402,-0.098202,-0.048533,-0.043166,-0.005643,0.002725,0.012594,0.018315,-0.017812
2012-09-01,-0.030223,-0.015013,-0.001957,-0.080092,-0.029042,0.050459,0.008277,-0.020115,0.15362,-0.027356,0.007936,0.143464,-0.02381,0.021289,0.192952,0.077996,-0.023744,0.101911,0.06947,0.146056,0.001992,0.291903,0.118493,0.244259,0.229231,-0.018118,-0.007052,0.084211,0.135329,-0.055118,0.159806,-0.001546,0.018364,-0.045455,0.072727,0.028926,-0.02437,-0.064033,0.077647,0.083549,-0.013889,0.02439,-0.018325,-0.034884,0.034254,0.059417,0.030075,0.013904,0.089674,-0.00995,-0.028777,-0.054404
2012-10-01,0.017615,-0.031329,0.156863,0.039801,0.065487,0.010917,0.040067,0.067449,-0.076336,-0.064583,-0.007874,0.032528,-0.03794,0.059062,-0.042836,-0.162647,-0.047708,-0.010838,0.008547,-0.061279,0.033797,-0.131391,0.006265,-0.109779,0.031289,-0.214336,-0.002841,0.002648,-0.065401,0.0125,-0.070981,-0.006192,-0.009836,0.002646,-0.000435,0.016064,0.032473,-0.001456,0.09607,-0.074869,-0.00939,0.075397,0.018667,-0.028112,-0.113693,-0.081481,0.087591,-0.01139,-0.049875,0.037689,0.011111,-0.019178
2012-11-01,-0.006658,-0.016608,-0.183051,0.008373,0.04485,0.008639,-0.033708,-0.07967,-0.080808,-0.092428,-0.005952,0.032403,-0.107042,-0.063423,0.085648,0.086055,-0.09332,-0.051132,-0.072881,-0.048723,0.017308,-0.053797,-0.126668,-0.007539,0.0,-0.209575,0.024217,-0.017606,0.047404,-0.045267,-0.111236,-0.009346,0.043046,0.002639,-0.055217,-0.079051,0.020968,0.049563,0.073705,-0.059794,0.00237,0.055351,0.015707,-0.051653,-0.063023,0.016705,0.069351,-0.024194,-0.055118,0.009685,0.010989,0.013967
2012-12-01,0.329759,0.107556,0.120332,0.227758,0.249603,0.047109,0.149502,0.167164,0.334665,0.299387,0.372256,0.185702,0.104101,0.04028,0.253731,0.21119,0.136511,0.201694,0.109689,0.186474,0.327032,0.112375,-0.03236,0.035269,0.119539,0.126857,0.21975,0.200717,0.204741,0.133621,0.295828,0.080189,0.073016,0.210526,0.16659,0.287554,0.318325,0.291667,0.089054,0.241502,0.167849,0.062937,0.069588,0.117647,0.339286,0.212465,0.037657,0.067296,0.063889,0.103117,0.057971,0.181818
2013-01-01,0.157258,0.067416,-0.014815,0.125604,0.311705,0.02454,0.021676,0.076726,0.136228,0.086874,0.04,-0.027941,0.028571,0.121212,-0.043084,-0.060614,0.043851,0.06278,0.164745,0.115675,0.054131,-0.021046,-0.144101,-0.020964,0.085637,0.029412,-0.047891,0.041791,-0.093918,0.064639,0.160976,0.098981,0.063609,0.111956,-0.031558,-0.006667,0.193529,0.092473,-0.006814,0.064694,0.093117,0.046053,0.060241,0.007797,-0.037778,-0.036916,-0.022177,0.024336,0.010444,0.080435,0.068493,0.172494
2013-02-01,-0.036585,-0.006767,-0.058271,-0.035193,0.00485,0.0,0.022631,-0.097387,-0.034914,0.024327,-0.06993,-0.030257,-0.011111,0.069069,-0.00237,-0.053724,0.059361,0.041591,0.281471,-0.073629,-0.02027,-0.059582,-0.0218,-0.055139,-0.031952,-0.063054,-0.001198,-0.055874,-0.012833,-0.017857,0.051261,-0.037086,0.091794,-0.002933,-0.065173,-0.068792,-0.00251,-0.049213,-0.030875,-0.023849,-0.068519,-0.034591,-0.043182,-0.052224,-0.066051,-0.082969,-0.012371,-0.022678,-0.043928,-0.052314,-0.035256,-0.055666
2013-03-01,-0.084087,0.018925,0.021956,-0.069395,-0.069498,-0.055888,0.02213,-0.034211,-0.169283,-0.148431,-0.050376,-0.104524,-0.008427,0.055243,-0.12114,-0.104236,0.043103,0.052662,0.116998,-0.100162,-0.093793,-0.071195,-0.035086,-0.067989,-0.120681,0.212408,-0.027578,-0.034143,-0.086,0.08,-0.191847,0.022008,-0.050955,-0.115686,-0.05098,0.001802,-0.129341,-0.086957,-0.102655,-0.112598,-0.063618,-0.087948,-0.038005,-0.159184,-0.09545,-0.092593,-0.146138,-0.039779,-0.062162,-0.027601,-0.0299,-0.016842
2013-04-01,-0.024679,-0.061664,-0.080078,0.000956,0.018672,0.014799,-0.08931,-0.059946,0.020542,-0.027888,-0.038005,0.013066,0.011331,-0.004437,0.006757,-0.074782,-0.032231,0.02199,0.003953,-0.060838,0.063927,-0.114627,0.03038,-0.023404,0.032845,-0.19948,0.006165,0.00707,-0.008753,-0.053872,0.059347,-0.040377,-0.053691,0.004435,-0.059229,-0.059353,0.049711,-0.003401,0.013807,-0.046924,-0.016985,-0.003571,0.0,-0.033981,0.025697,-0.022741,-0.026895,-0.024166,-0.097983,0.015284,-0.017123,-0.085653
2013-05-01,0.059717,0.079968,0.021231,0.021012,0.065173,-0.002083,0.001486,0.008696,0.045894,-0.053279,0.117695,0.072227,0.053221,0.050802,0.048993,0.010842,0.063194,-0.017314,0.053523,0.007678,0.108727,-0.02224,0.132824,,-0.040318,0.21151,0.104167,-0.01092,0.066225,-0.007291,0.130719,0.060309,0.002837,0.058499,-0.000488,0.015296,0.020925,0.035267,-0.001946,0.002281,0.017279,0.021505,0.032099,0.032663,-0.007996,-0.00716,0.105528,0.004717,-0.015974,0.032258,0.027875,0.021077
2013-06-01,-0.164966,-0.1261,-0.147609,-0.156221,-0.16572,-0.153336,-0.167265,-0.189655,-0.220169,-0.187229,-0.102122,-0.190364,-0.170213,-0.072095,-0.15483,-0.246298,-0.158233,-0.09029,-0.109212,-0.250476,-0.104317,-0.245329,0.007924,,-0.194597,-0.183562,-0.153516,-0.113039,-0.192547,-0.142857,-0.225434,-0.084656,-0.110409,-0.120959,-0.172852,-0.201507,-0.203344,-0.124176,-0.181287,-0.122444,-0.135881,-0.14386,0.023179,-0.233577,-0.144009,-0.16959,-0.181818,-0.092818,-0.227273,-0.078626,-0.022469,-0.149083
2013-07-01,-0.050725,0.033557,-0.061044,-0.034679,-0.033839,0.017812,0.047847,-0.074742,0.051333,-0.08522,-0.086207,0.028254,0.022694,0.04479,-0.031598,0.13081,0.090649,-0.019975,0.063966,0.017961,-0.011662,0.000354,-0.124084,-0.327435,0.080717,0.127517,-0.006954,0.039413,-0.009932,-0.008772,0.134125,0.047283,0.018519,-0.0232,0.002374,-0.080789,-0.04113,-0.029198,0.18581,-0.0771,-0.021151,0.143443,-0.032338,-0.015873,0.047817,-0.03141,0.143904,0.061761,0.063607,0.033735,-0.01845,-0.028849
2013-08-01,0.143766,0.332751,0.015625,0.099213,0.09058,0.075,0.006849,0.105469,0.06469,0.087898,0.00566,0.024534,0.028571,-0.039101,0.066993,0.238983,0.029547,0.075159,0.207415,0.079845,-0.054572,0.152079,0.001662,0.14658,0.047026,0.259921,0.054622,0.132275,0.235374,0.035398,0.10076,-0.028986,0.12562,0.034439,0.03625,0.080729,0.172185,0.079019,-0.045267,0.086658,0.047873,-0.028762,0.002571,0.070968,0.058752,0.045249,-0.002494,-0.030941,0.081967,-0.009324,-0.003759,0.037572
2013-09-01,0.122358,-0.051411,0.007692,0.070201,0.07532,-0.023256,0.02633,-0.003534,0.114234,0.041551,0.043654,-0.05364,0.012346,0.017019,0.035988,-0.035568,0.202597,-0.037322,0.016598,-0.034586,-0.060842,-0.073124,-0.194573,-0.100244,-0.01321,0.083465,0.136786,0.037383,0.024229,-0.008547,0.080311,-0.007463,0.069016,0.018496,0.005428,-0.026506,0.051789,0.018939,0.056034,0.029463,0.09137,0.011278,-0.010256,0.325301,0.015607,-0.003608,-0.0225,0.021142,-0.015152,0.011765,0.049056,0.044568
2013-10-01,0.023786,-0.021811,-0.002545,0.048193,-0.062762,-0.033333,0.015766,-0.024823,-0.035801,-0.055851,-0.016484,-0.037449,0.04878,-0.141113,0.059867,-0.107092,0.240461,0.075077,-0.044082,-0.069796,-0.0299,-0.060451,-0.006106,-0.072621,0.032798,-0.133721,-0.017523,0.165916,0.105376,0.125,-0.067146,-0.028571,0.010989,0.015738,-0.019796,-0.024752,0.05282,-0.007435,0.040816,0.031373,-0.025581,0.063197,-0.010363,-0.05,-0.024474,0.015206,0.245525,0.0,-0.05,-0.004651,0.014389,0.048
2013-11-01,-0.032914,0.018919,,0.049809,-0.041295,0.059113,0.059867,0.065455,0.088608,0.009859,0.015829,-0.064143,0.0,0.039494,0.072524,0.05282,0.009286,0.135661,0.158839,0.011288,0.049658,-0.003272,0.046851,-0.039883,0.157485,0.10151,0.021403,0.108822,0.008755,-0.042146,0.007712,0.017028,0.074728,-0.002384,0.034884,0.063452,-0.090136,-0.017478,0.054902,0.128734,-0.011933,0.041958,-0.005236,-0.045454,0.141773,0.121255,0.12115,0.008929,-0.008097,0.023365,-0.003546,0.025445
2013-12-01,-0.056056,-0.050398,0.09949,0.042579,-0.101281,-0.048837,-0.062761,-0.061434,-0.011628,-0.104603,-0.001833,-0.073034,-0.06686,0.084093,-0.080624,-0.15994,0.126509,0.043347,-0.025792,-0.068943,0.089723,-0.064551,-0.092336,-0.12614,-0.050392,0.054075,-0.034924,0.132404,-0.022179,-0.06,-0.037415,-0.038052,-0.065739,-0.033453,-0.064459,-0.057279,-0.052336,-0.045743,-0.128253,0.004091,-0.072464,-0.100671,-0.057895,-0.14787,-0.053143,-0.037532,-0.082418,-0.025285,-0.057143,-0.054795,-0.067616,-0.039702
2014-01-01,-0.027572,-0.067737,-0.074246,-0.046674,-0.049223,-0.07335,-0.004464,-0.043636,-0.091765,-0.074766,-0.048669,-0.058182,-0.065421,-0.131776,-0.082037,-0.061967,-0.083716,-0.044444,-0.114977,-0.055712,-0.094311,-0.065497,0.029755,-0.044058,-0.064269,0.424133,-0.074789,0.086154,-0.127219,-0.021277,-0.090989,-0.045886,-0.017591,-0.025958,-0.125158,-0.055696,-0.077909,-0.050599,-0.123667,-0.062066,-0.015625,-0.100746,-0.047486,-0.050001,-0.116568,-0.093192,-0.153692,-0.022049,-0.030303,-0.048309,-0.041985,-0.067184
2014-02-01,-0.028353,-0.038951,0.095238,0.0,0.025886,-0.029024,0.204036,-0.01521,-0.064767,-0.031987,-0.041506,-0.131274,0.02,-0.008073,-0.021572,0.005266,0.211699,-0.114257,0.049573,-0.032114,-0.008264,0.083855,0.134796,0.143117,-0.05041,0.155758,0.024772,-0.138338,0.027119,0.004348,-0.068027,-0.00995,-0.063361,0.002538,-0.00289,-0.010724,-0.024599,0.075736,-0.021898,-0.016352,0.002646,-0.012448,-0.020528,-0.006192,-0.017105,0.009475,-0.01651,0.019894,0.0625,-0.020304,0.0,0.459834
2014-03-01,0.090909,-0.020265,-0.080091,0.033048,0.017264,0.046195,-0.063315,-0.027027,-0.027701,-0.033043,-0.011078,0.127407,0.0,-0.0586,0.090551,-0.046667,-0.07908,-0.002854,0.324104,-0.043981,0.153333,-0.076212,0.031196,-0.111936,0.084273,-0.241879,0.050891,-0.110137,0.056106,0.021645,-0.036496,-0.033501,-0.017647,-0.018987,0.002174,-0.067751,0.04386,-0.01043,0.044776,-0.024416,-0.002639,0.05042,0.032934,0.056075,-0.018024,-0.030325,0.081535,-0.011703,-0.054622,0.036269,0.031873,-0.121442
2014-04-01,0.005144,0.052506,-0.09204,0.005924,0.027415,0.007792,-0.001988,-0.047619,0.081671,-0.057554,0.021385,0.003942,0.039216,-0.020749,0.048375,-0.033966,-0.055417,-0.057241,-0.02091,-0.021792,0.196532,-0.02375,0.059341,-0.041219,0.040392,-0.07908,0.01816,-0.054803,-0.030208,-0.042373,0.011905,-0.013865,-0.002994,0.006452,0.027476,-0.037791,0.068277,0.003953,0.040476,0.042066,-0.018518,0.003999,-0.002899,-0.076696,0.032278,0.013403,-0.055433,-0.010526,-0.013333,-0.01,0.003861,0.038877
2014-05-01,-0.020471,0.007559,0.016409,-0.027091,-0.053367,0.015464,0.015936,-0.025,-0.006146,-0.005725,0.011964,0.02535,0.02969,-0.007063,0.00551,0.007692,0.045983,0.023072,-0.008794,0.008251,-0.036232,-0.016645,-0.065048,-0.03676,-0.040588,0.181888,0.030763,-0.019544,0.030075,0.013274,-0.011765,0.059754,0.007508,0.015385,0.007741,-0.009064,-0.033432,0.030184,0.020595,0.018907,0.026954,0.01992,0.034884,-0.035144,0.028817,0.028656,-0.00939,0.010638,-0.013513,0.017677,0.026923,-0.122661
2014-06-01,0.014705,-0.032258,-0.021622,-0.007264,0.013605,0.065989,0.064087,-0.012821,0.012367,-0.03263,0.008867,-0.011952,0.003106,0.033195,0.047945,0.018663,0.020212,-0.060911,0.042309,0.004092,0.114035,-0.010417,0.047802,0.001294,-0.015038,-0.086364,0.029412,0.011378,0.019812,0.004106,0.003247,0.031509,0.004268,0.010101,0.015363,0.003048,0.020346,0.026752,0.033632,-0.002121,0.018373,0.007812,0.02448,0.006622,0.060191,-0.00627,0.066351,0.012952,-0.004566,0.024814,0.028753,0.011848
2014-07-01,0.082873,0.062015,0.099447,0.134274,0.070853,0.053659,-0.009488,0.090909,0.148342,0.119048,0.150224,0.211694,0.09288,0.144005,0.143768,0.129771,-0.072313,0.146438,-0.055108,0.148329,0.103025,0.156666,0.128821,0.076001,0.14313,0.080313,0.159524,0.098238,0.162577,0.064516,0.097268,0.146781,0.131537,0.128334,0.126588,0.112191,0.157074,0.118466,0.130097,0.134215,0.269787,0.124031,0.061947,0.203948,0.153357,0.113152,0.173255,0.063661,0.147026,0.082737,0.062745,0.129388
2014-08-01,-0.033673,0.011036,0.20603,-0.042045,-0.058647,0.025463,0.059387,0.008064,-0.009487,-0.005995,-0.04607,-0.056572,-0.01983,-0.051368,0.039288,0.007658,-0.001029,-0.040852,-0.088467,-0.019132,-0.053998,-0.044622,-0.012729,,-0.038954,0.057237,0.025667,-0.016656,0.061888,0.0,-0.021912,0.092375,0.036415,-0.038687,-0.02147,-0.011081,-0.067751,-0.002721,0.001968,-0.047512,-0.089131,-0.008906,-0.038889,-0.016393,-0.041355,-0.012541,-0.013488,-0.01621,-0.053942,-0.031325,-0.01107,-0.057269
2014-09-01,0.029567,0.110619,0.165023,0.007118,-0.003195,-0.020316,-0.025378,0.192,0.033359,0.065574,-0.016098,-0.021164,0.034682,0.011752,0.067927,-0.025034,0.032538,0.038392,0.115744,0.036759,-0.090011,0.023952,0.024648,,-0.005211,0.038581,0.053053,-0.008783,0.108621,0.116883,0.050916,0.060403,0.051351,0.097561,0.034574,0.117647,-0.00969,0.095498,0.027505,-0.021624,0.023866,0.11388,0.020231,0.077778,0.008836,0.039439,0.027344,0.008233,0.087719,0.012438,0.007463,0.060748
2014-10-01,0.046154,0.0332,0.007168,0.034158,0.032051,0.025345,-0.00566,0.060403,-0.003754,0.022222,0.039461,0.03964,0.013966,-0.011088,-0.012168,0.008712,0.018908,0.03004,-0.041881,0.002171,-0.039807,-0.010526,-0.033615,,0.00291,0.059916,0.012357,0.046203,0.051322,0.151163,0.031008,0.04557,0.025707,0.192222,-0.02635,0.10777,0.062622,0.049813,0.23327,0.040155,0.027972,0.322684,0.036827,-0.007732,0.028851,0.039228,0.102662,0.006418,0.060484,0.027027,0.037037,0.077093
2014-11-01,0.215686,0.116967,0.124555,0.159453,0.138199,0.132584,0.022771,0.310126,0.300678,0.098662,0.125,0.247834,0.082645,0.06567,0.107503,0.022727,0.047423,-0.000561,-0.007397,0.104693,0.123116,0.163121,-0.005361,0.100302,0.056297,0.390051,0.065728,0.035088,0.116864,0.0,0.359023,0.061743,0.200501,0.242311,0.055446,0.271493,0.117864,0.088968,0.351938,0.154186,0.210884,0.229468,0.103825,0.12987,0.207812,0.398515,,0.042092,0.064639,0.124402,0.189286,0.249489
2014-12-01,0.265323,0.128884,0.291139,0.3222,0.484311,0.390873,0.204082,0.246377,0.964079,0.519026,0.365432,0.502778,0.259542,0.123747,0.08544,0.150222,0.038386,0.222222,0.333333,0.205229,0.276286,0.079268,0.216761,0.09006,0.213187,-0.044734,0.069604,0.084746,0.025166,0.558923,0.6639,0.216648,0.112735,0.099025,0.268918,0.395018,0.359143,0.190632,0.75,0.505339,0.273408,0.827112,0.205446,0.436782,0.339138,0.511062,0.1,0.323133,0.207142,0.431915,0.246246,0.332242
2015-01-01,-0.077757,0.039246,0.22549,-0.097325,-0.123196,-0.152639,-0.070878,-0.032946,-0.178171,-0.184369,-0.135624,-0.031423,-0.086869,0.006687,0.05496,0.018161,0.06019,-0.002755,0.211382,-0.04718,-0.162138,0.12806,-0.065605,0.292191,-0.104167,0.449127,0.09061,0.074892,0.098837,-0.133909,-0.174148,-0.045923,-0.003752,-0.124915,-0.061114,-0.019132,-0.12303,-0.051235,-0.140236,-0.072547,-0.083823,-0.124731,-0.067762,-0.1152,0.034365,0.056515,0.968652,0.076781,0.06213,-0.130758,0.060241,-0.146192
2015-02-01,0.004147,0.034821,0.028,-0.0107,-0.025343,0.124579,0.048093,0.04008,0.059943,0.046683,0.025105,-0.027672,0.25,-0.001771,0.075497,-0.025047,0.012517,0.007366,0.036074,0.028458,-0.009414,-0.035058,0.078282,-0.00117,0.027806,0.170094,0.124622,0.024561,0.081717,-0.037406,0.095118,-0.014735,0.004708,0.017161,-0.023622,0.027308,-0.015895,0.00675,0.041921,0.014288,-0.024077,0.054054,0.008811,-0.0217,0.029931,0.038248,-0.035032,-0.0189,-0.011142,-0.02735,-0.065909,-0.025899
2015-03-01,0.086717,0.144076,0.151751,0.073211,0.050921,0.065868,0.014241,0.526012,0.111412,0.188967,0.059184,0.127576,-0.031858,0.157941,0.020525,0.057999,0.094481,0.102377,0.18664,0.155506,0.18585,0.08737,0.0257,0.046058,0.123463,0.146121,0.123573,0.264188,0.086413,0.126943,0.075827,0.085743,0.033739,0.138804,0.080108,0.193671,0.289326,0.045019,0.359912,0.113261,0.050987,0.472028,0.061135,0.166359,-0.014821,-0.010945,0.401815,0.027145,0.216901,0.072056,0.065693,0.087149
2015-04-01,0.144395,0.144573,0.143581,0.255814,0.094845,0.259832,0.266771,0.361111,0.046923,0.024679,0.170199,0.302872,0.740402,0.2341,0.086082,0.188742,0.109722,0.026119,0.025247,0.105843,0.182547,0.283214,0.28715,0.210075,0.040718,0.09564,-0.021631,0.049149,0.065533,0.443678,0.222127,0.21304,0.266546,0.181818,0.130413,0.383881,0.05719,0.190651,0.359333,0.13318,0.082942,0.687253,0.113169,0.505547,0.027139,0.02726,0.865803,0.141518,0.212963,0.122951,0.105023,0.076087
2015-05-01,-0.057001,0.085414,-0.062038,-0.072839,-0.056497,-0.053961,-0.112069,-0.077922,-0.116123,0.254335,-0.008233,-0.193053,-0.098739,0.190314,-0.111852,0.062975,0.238095,0.101356,0.140433,0.076657,0.0,-0.099814,0.04599,-0.119642,0.075726,0.424813,0.050512,0.082626,-0.002817,0.071656,-0.099616,-0.001514,-0.128132,0.081481,-0.094672,-0.142529,-0.045615,-0.020015,-0.178472,-0.036319,-0.014451,-0.15955,-0.062847,-0.068421,-0.074383,-0.073568,-0.070978,-0.109783,0.330153,-0.070073,-0.105372,-0.066919
2015-06-01,0.039573,0.057019,-0.182677,0.01265,-0.007984,0.051745,-0.005035,0.462777,-0.113928,-0.253019,0.035971,-0.039178,-0.145688,-0.06338,-0.057548,-0.204735,-0.150323,-0.102783,-0.162706,-0.134755,-0.04744,-0.113636,-0.023424,-0.132026,-0.136968,-0.222768,-0.130858,0.03339,0.005179,0.035661,-0.153727,0.116755,0.197293,0.201264,0.046216,0.372654,-0.041134,0.046347,-0.240586,-0.040964,0.252414,-0.232584,0.04142,0.054237,-0.063605,-0.102102,-0.37657,-0.049497,-0.265423,0.119309,0.12933,0.043302
2015-07-01,-0.111439,-0.108517,-0.156069,-0.12185,-0.076139,-0.223112,-0.150142,-0.196011,-0.227425,-0.214654,-0.040695,-0.194396,-0.147131,-0.163186,-0.097246,-0.218853,-0.107118,-0.149297,-0.129852,-0.271194,-0.064238,-0.272891,-0.101588,-0.292308,-0.13007,-0.146251,-0.070728,-0.249757,-0.179776,-0.238373,-0.201928,,-0.27208,-0.255702,-0.184173,-0.232273,-0.09913,-0.193315,0.053743,-0.179933,-0.169903,-0.040175,-0.044525,-0.330118,-0.160037,-0.09834,-0.162309,-0.013882,-0.201015,-0.113282,-0.051213,-0.014267
2015-08-01,-0.007299,-0.023246,-0.09589,-0.04159,-0.057206,-0.159057,-0.175,-0.307331,-0.266022,-0.093298,-0.014451,-0.086957,0.058158,-0.168017,-0.101765,-0.062809,-0.117693,-0.096257,-0.152474,-0.120077,-0.105038,-0.027807,-0.055408,0.010297,-0.020364,-0.33929,-0.084401,-0.101968,-0.174398,-0.150097,-0.293605,,-0.014677,-0.076606,-0.087596,-0.341277,-0.061776,0.070615,-0.161506,-0.092299,-0.068713,-0.11796,-0.132505,-0.1424,-0.092697,-0.09915,-0.13524,-0.193868,-0.112219,-0.14404,-0.132584,-0.157895
2015-09-01,0.111631,0.016875,-0.103535,-0.025072,-0.014002,-0.021016,-0.024655,-0.071871,-0.098872,-0.078261,0.042229,-0.04881,-0.082443,-0.094682,-0.028902,-0.04744,-0.028369,-0.142012,-0.094737,-0.046955,0.138359,-0.037404,-0.0259,-0.019253,-0.078228,-0.066847,-0.024691,-0.09761,-0.02276,-0.075688,0.049383,,-0.123138,-0.042141,-0.067655,-0.02584,-0.001372,-0.084042,-0.018827,-0.008325,-0.045526,-0.056083,0.031026,-0.128732,-0.018576,0.003538,-0.024812,-0.072586,-0.050562,0.001934,-0.03627,-0.082812
2015-10-01,-0.014432,0.090188,0.109859,0.04451,0.017751,0.014311,0.061181,0.129506,0.16863,0.055031,0.009004,0.091364,0.099833,0.138852,0.057738,0.155731,0.136405,0.160502,0.100423,0.082371,-0.044426,0.101714,0.123745,0.053695,0.054006,0.240994,0.133333,0.094923,0.12591,0.019851,0.163922,,0.033975,0.166092,0.042847,0.185677,0.048764,0.018583,0.128413,0.121567,0.044408,0.125229,0.05787,0.100642,0.111311,0.037603,0.06862,0.063183,0.079882,0.057915,0.043011,0.09029
2015-11-01,0.137889,-0.053607,-0.048223,0.048296,0.003488,-0.03351,-0.023857,-0.085106,0.110901,-0.043219,-0.040714,0.100917,-0.059001,0.039078,0.076533,-0.050616,-0.031313,-0.075095,0.288184,0.034139,0.164035,-0.049793,0.002104,0.006575,-0.07545,-0.055722,0.043187,,0.031028,-0.017032,0.025606,-0.060514,-0.049288,0.001773,-0.025845,-0.097315,0.024885,0.057013,-0.102028,0.009256,0.006299,-0.091795,0.010941,-0.029183,0.072993,-0.006795,-0.047619,-0.04,-0.052055,0.05292,0.059278,0.134375
2015-12-01,-0.020375,0.032168,-0.037333,0.096658,0.117034,0.018248,0.010183,0.107235,0.097561,0.024922,0.04593,0.108333,-0.006431,0.677698,0.109252,0.010086,-0.026523,0.04264,-0.131991,0.082531,0.03994,0.084061,0.018105,0.143168,0.041413,0.124028,0.084226,,0.057053,-0.027228,0.039422,0.008178,-0.006912,0.044248,0.018367,0.063197,0.090735,0.135922,-0.018208,0.065089,0.007825,-0.023256,-0.008658,-0.004009,0.090703,0.076017,-0.017502,-0.005952,0.017341,0.001733,-0.024331,-0.00551
2016-01-01,-0.074986,-0.123984,-0.180055,-0.214992,-0.108921,-0.066308,-0.116936,-0.262544,-0.250646,-0.268997,-0.166759,-0.181391,-0.34466,-0.348352,-0.122526,-0.182596,-0.225628,-0.234174,-0.331615,-0.211563,0.173188,-0.189325,-0.080389,-0.205238,-0.230409,-0.414335,-0.150757,,-0.179715,-0.267176,-0.234513,-0.106932,-0.209977,-0.174011,-0.104876,-0.245921,-0.1529,-0.11396,-0.251484,-0.161667,-0.169255,-0.271062,-0.104804,-0.243461,-0.193694,-0.277994,-0.228015,-0.106587,-0.207386,-0.16782,-0.197007,-0.231302
2016-02-01,0.091716,0.051817,-0.070946,-0.023085,-0.00742,-0.026871,-0.006849,-0.072785,-0.015172,0.016632,-0.028686,0.04248,-0.007407,-0.066047,-0.015575,-0.028796,-0.013194,-0.057059,0.059126,0.010475,-0.117974,0.267081,0.071069,0.513481,0.070669,-0.126677,0.016279,-0.245968,-0.079537,0.006944,0.023947,-0.058629,-0.04699,-0.002052,0.017164,-0.051005,-0.019364,0.030011,-0.035679,-0.038767,-0.033645,-0.084171,-0.017073,0.196808,0.010314,-0.027397,-0.059476,-0.024129,0.121864,-0.058212,-0.015528,-0.030631
2016-03-01,-0.028184,0.10625,0.076364,0.0913,0.078107,0.035503,0.094253,0.076792,0.246499,0.163599,0.105082,0.022026,0.09204,0.111234,0.094381,0.139263,0.110306,0.144298,0.287621,0.129187,-0.186275,0.05098,0.152296,0.040776,0.198723,0.282729,0.135774,0.132353,0.195601,0.062069,0.152419,0.077193,0.058552,0.103496,0.031548,0.117264,0.095205,0.048907,0.152107,0.096518,0.077369,0.104253,0.064516,-0.024444,0.115696,0.200201,0.097535,0.04533,0.044728,0.07064,0.072555,0.128253
2016-04-01,-0.005577,-0.095713,0.027027,0.000984,0.020856,0.060952,0.023109,-0.03962,-0.076404,-0.050967,0.10317,-0.03556,-0.079727,-0.076235,0.013958,0.059148,-0.031109,0.10616,-0.117813,-0.016243,0.045611,0.058769,0.014376,0.159757,-0.042629,-0.077148,-0.036266,-0.016529,-0.018397,-0.042208,0.051784,0.004072,-0.048035,0.044099,0.051209,-0.007289,0.037991,0.021825,-0.067796,0.00723,-0.034111,-0.070807,-0.006993,-0.041002,0.052612,-0.090947,-0.077148,-0.024967,-0.018349,-0.03299,-0.014706,-0.032949
2016-05-01,0.025799,0.018376,0.003289,0.00295,-0.022581,-0.050269,-0.008213,0.128713,0.02129,-0.057407,0.014085,-0.01312,-0.009901,-0.013276,-0.002458,0.119881,-0.001554,-0.013648,-0.070513,-0.043073,-0.082305,-0.091993,0.052826,-0.02919,-0.058132,-0.00471,0.022997,0.098439,-0.015395,0.0,0.054558,0.010543,-0.006116,0.064247,-0.056157,0.024963,0.004963,0.04466,-0.032536,0.021223,0.027881,-0.030749,0.023474,-0.023753,-0.01159,-0.003227,0.026455,-0.006739,-0.046729,0.040512,0.002985,-0.011925
2016-06-01,-0.035698,-0.059906,-0.062295,-0.030392,0.000179,-0.062933,-0.010028,0.032164,-0.033353,-0.013752,-0.027778,0.01649,-0.033201,0.083273,0.0,-0.113117,0.003468,0.08805,0.007654,0.011253,-0.070852,0.161157,0.103792,0.317935,-0.016518,0.029443,0.004951,-0.029508,0.006779,-0.00678,-0.027129,0.002408,-0.009231,-0.033671,0.008602,-0.016189,-0.022021,-0.036245,-0.014837,-0.020782,0.018083,-0.038621,0.018349,-0.082725,-0.009161,-0.017167,-0.054639,-0.01565,0.101307,0.029508,0.008264,-0.022414
2016-07-01,0.008349,0.07025,-0.013986,0.040803,0.025756,,0.014831,0.214919,-0.000616,0.037849,0.020253,0.041715,0.11811,0.07385,0.223538,0.01728,0.136172,0.104046,0.105568,0.074926,-0.02471,0.261566,0.095858,0.177332,0.089409,0.158836,0.173571,0.257216,0.162027,0.059185,0.017862,0.089406,0.025533,0.100106,0.065265,0.221894,0.014436,-0.004309,-0.089721,0.021325,0.046011,-0.018651,0.021136,0.02122,-0.009246,0.005764,-0.015267,-0.001383,0.047027,0.065263,0.040499,0.094722
2016-08-01,0.049682,0.010803,0.035461,0.059476,0.016376,,0.043841,-0.136792,0.072676,0.017235,0.085664,0.0901,0.004694,-0.02112,-0.049505,-0.013294,0.079593,0.06911,0.017838,0.008034,0.239422,-0.06347,-0.009452,-0.088845,0.075126,0.154694,0.002435,-0.042048,-0.030098,0.013378,0.038008,0.041541,0.029269,0.054211,0.023192,-0.096852,0.039457,0.069048,0.049327,0.057152,0.032028,0.104099,0.053488,0.018182,0.065095,0.031041,0.048364,0.044321,-0.037464,0.041502,0.038922,0.0601
2016-09-01,0.000607,-0.028458,-0.047945,-0.043768,0.006915,,-0.011936,-0.043716,-0.046154,0.034026,-0.033816,-0.020408,-0.030374,-0.017696,-0.010417,-0.07485,0.006429,0.006856,-0.051546,-0.039283,-0.001665,-0.086596,-0.039589,-0.08505,-0.01057,-0.136641,0.025501,-0.032443,-0.002533,-0.023102,0.004419,-0.035533,0.00158,-0.057851,0.013333,-0.029491,-0.006223,0.013363,-0.037393,0.00399,-0.046552,-0.053619,-0.022075,-0.045918,0.046596,-0.008337,-0.037594,-0.039631,-0.038922,-0.017078,-0.028818,-0.058268
2016-10-01,-0.013341,0.005191,0.010791,0.035821,-0.006479,0.144898,0.030864,0.024286,0.030397,0.074954,-0.007778,-0.046875,0.236145,0.028169,0.083753,0.016181,0.012351,0.015564,-0.007609,0.048063,0.0,0.027205,0.067269,0.066248,0.011276,0.006189,0.050326,-0.015779,0.047619,0.016892,0.023256,0.011278,0.069401,0.022417,0.111184,0.022099,0.02129,0.024176,0.143174,0.013173,0.016275,0.191218,0.0,0.064171,0.019826,0.019617,0.040179,0.016621,0.021807,0.015444,0.005935,0.01505
2016-11-01,0.054702,0.010328,0.060498,0.10951,0.032609,0.14082,0.021956,0.079498,0.068633,0.105442,0.038634,0.079781,0.298246,0.091749,0.066301,0.034236,0.001262,-0.000479,0.038335,0.308008,0.22352,0.038523,0.003554,-0.06336,0.064554,0.09007,0.064825,0.072144,0.022424,0.086379,0.029484,-0.008178,0.081121,0.098189,0.002368,0.074324,0.032495,0.085837,0.221359,0.049697,0.042705,0.16528,0.020316,0.170855,0.030355,0.181402,0.285408,0.038147,0.085366,0.058935,0.035398,0.107084
2016-12-01,-0.055361,-0.031763,-0.063759,-0.060606,-0.044211,-0.007813,0.056641,-0.093023,-0.095211,-0.061538,-0.051213,-0.075911,0.097597,-0.08433,-0.071287,-0.055427,-0.027731,0.031624,-0.028481,-0.124542,-0.116564,-0.065688,0.04723,-0.042737,-0.06505,-0.160822,-0.013764,-0.076636,-0.054535,-0.030581,-0.060263,-0.050975,-0.034107,-0.059028,-0.0443,-0.09434,-0.041568,-0.035573,-0.049285,-0.024773,-0.015358,-0.095918,-0.024336,-0.094421,-0.080768,-0.065917,-0.184474,0.043307,-0.061798,-0.023339,-0.019943,-0.046131
2017-01-01,0.032696,0.036953,0.053764,0.068203,0.018722,0.070866,0.114603,0.042735,0.026152,0.127869,0.079545,0.009858,-0.105335,-0.030911,0.08145,0.018745,0.076923,0.134696,0.054289,0.24208,-0.018519,0.00579,0.030735,0.013969,0.175118,-0.083093,0.009125,0.023279,0.040752,0.025237,0.030476,0.029226,0.008475,0.059963,0.064277,0.052778,0.057621,0.033811,0.027592,0.030483,0.043328,0.0,0.043084,0.21564,0.045013,0.067663,0.023541,0.08805,0.071856,0.056985,0.040698,0.088924
2017-02-01,-0.008961,-0.002182,0.057823,0.006902,-0.023784,0.042647,-0.046435,0.051913,0.004248,0.061047,0.023158,0.027115,0.074924,0.004275,0.016562,0.0304,0.034109,0.073271,-0.007209,-0.089509,-0.049528,0.027961,0.029731,0.001351,0.027597,0.006286,0.039362,0.07913,0.014458,0.021538,-0.034504,-0.004605,-0.02521,0.065274,-0.01626,0.042216,-0.018746,-0.002973,0.078112,-0.007669,0.034884,0.020316,0.019565,-0.037037,-0.057891,-0.001944,0.032,-0.048555,-0.002793,0.029565,0.027933,-0.011461
2017-03-01,-0.034961,0.092566,-0.025723,-0.032562,-0.060908,-0.081805,-0.001739,0.046753,-0.026586,-0.013699,-0.013889,0.006336,0.062589,0.035036,-0.015516,-0.059783,0.095072,0.033944,-0.024896,-0.088266,-0.081886,-0.0624,0.089381,-0.034799,0.012695,-0.07392,0.157114,0.116407,0.081354,-0.018072,-0.068283,0.02313,0.087644,-0.017974,0.142857,0.049367,-0.032239,-0.044732,-0.019622,0.021529,0.0,-0.025443,0.031983,-0.058704,0.002926,-0.014414,-0.007752,-0.043742,-0.053221,0.003378,0.005435,-0.027536
2017-04-01,-0.049969,0.142428,-0.0033,-0.058459,-0.071934,-0.041475,0.006969,-0.044665,0.007449,-0.023611,-0.002087,-0.011543,,-0.018349,0.07368,-0.059455,0.046775,0.027665,0.011702,-0.048116,0.03964,-0.023038,0.070194,0.009503,0.022179,-0.029434,-0.004865,0.000821,0.031301,0.033742,0.017123,0.046722,0.030383,-0.121464,0.005682,0.072376,-0.046268,-0.064516,0.003849,0.025669,-0.033708,-0.003405,0.008264,0.04301,0.012035,0.032806,-0.013672,-0.008895,0.0,0.006734,-0.02973,-0.102832
2017-05-01,0.110493,0.103358,0.015232,0.007526,0.02033,0.016026,0.084775,0.120779,0.012939,-0.018492,0.171981,0.028662,,0.040606,0.103486,-0.037752,0.072444,0.013789,-0.018927,-0.08039,0.030329,-0.128384,0.071249,-0.209579,0.006132,-0.114936,0.098978,0.162428,0.06443,0.04451,0.030303,0.066235,0.096154,0.050189,0.100154,0.142857,0.070505,-0.005562,-0.075153,0.187302,0.0299,0.014806,0.07582,-0.127835,0.093694,0.074627,0.00297,0.002564,-0.029586,0.065217,0.038997,0.028239
2017-06-01,-0.014798,-0.012702,0.0,0.049808,0.023661,0.093526,-0.054226,0.008111,0.03528,0.178261,0.103509,0.062377,,0.082688,0.091038,0.034717,-0.02178,0.238219,0.043497,0.116556,0.026401,0.00501,0.065268,0.016733,0.091201,0.128543,0.088629,0.062103,0.212606,0.022727,-0.029412,0.038488,0.010843,0.010821,0.040616,-0.040354,0.057765,0.025727,-0.002488,0.100732,-0.006452,-0.026936,0.0,0.068558,0.11598,-0.03058,-0.000987,-0.011765,0.045732,0.009105,-0.008043,0.016155
2017-07-01,0.056126,0.003752,0.283105,0.084599,0.067646,0.108793,0.059068,-0.063118,0.019389,0.04674,0.069427,0.054162,,-0.059783,-0.029308,0.642542,-0.059374,0.209497,0.13851,0.240309,0.051439,0.094534,0.035378,0.103353,0.067752,0.048481,-0.107143,-0.06711,-0.080424,,0.016161,0.036435,0.042908,0.020267,,-0.083087,0.053381,0.048516,0.099481,0.059836,0.086771,0.021915,0.098121,0.323009,0.008857,0.02298,-0.003953,0.057217,0.087464,0.095935,0.107825,0.090808
2017-08-01,-0.048653,0.055136,-0.007118,-0.048,-0.023256,0.102151,-0.016367,0.089441,0.072741,-0.078771,0.046148,-0.019029,0.076305,-0.010967,-0.013603,-0.027942,0.015606,0.040127,0.023963,-0.057405,-0.028192,0.019196,0.020635,0.022556,-0.032551,0.162674,-0.012043,0.017193,-0.016862,,0.028245,-0.015122,0.044571,0.008761,,0.048643,-0.006194,-0.020513,-0.046672,0.077086,0.028125,0.004495,0.07078,0.339465,0.140605,0.060507,0.00722,-0.00246,0.021278,0.037092,0.079082,-0.018045
2017-09-01,0.012589,-0.027401,-0.032258,-0.02626,-0.031006,-0.09878,-0.001465,-0.057013,-0.002194,-0.022989,-0.04486,0.008729,-0.077114,0.004338,0.015473,-0.108347,0.168489,0.169858,-0.076508,-0.055271,-0.021331,-0.038565,0.053935,-0.037071,0.063458,0.133685,0.109708,0.075552,0.074321,-0.05136,-0.033355,0.006008,-0.04267,-0.01861,0.070734,-0.059331,-0.020397,-0.02356,-0.048154,-0.024612,-0.039514,-0.018161,0.016949,0.009988,-0.033752,-0.052272,-0.021127,-0.006241,0.032,-0.002861,-0.026005,-0.035222
2017-10-01,-0.020202,0.151922,-0.037037,-0.019417,0.033666,0.037889,0.011864,0.054414,-0.047828,0.074616,0.060665,0.047115,0.02965,0.038877,0.043061,-0.099814,0.165253,-0.120285,0.001949,-0.04442,0.031386,-0.059701,0.193938,-0.061088,0.046055,-0.019019,0.063947,0.146455,0.127716,0.018072,-0.020298,0.05574,0.04,0.007585,-0.008118,0.088303,0.008676,-0.016086,0.009275,0.188331,-0.015823,0.034682,0.016667,,0.158408,0.131939,0.176773,0.035044,-0.046512,0.02726,-0.043689,-0.012698
2017-11-01,0.023791,-0.045486,0.0,0.019802,0.067551,0.222947,0.01005,0.269496,0.107968,0.09878,0.069742,0.157025,-0.089005,-0.041283,-0.019371,-0.022727,-0.079819,0.038296,0.061284,0.045351,0.047337,-0.034722,0.020986,0.02101,0.199081,-0.117191,-0.02913,-0.000578,0.004719,0.008876,-0.013122,0.034569,-0.027473,0.023839,0.145883,0.173867,0.002867,0.010899,-0.019215,0.086389,0.014469,-0.033519,-0.029508,,-0.02431,-0.013376,0.0131,-0.012092,0.070461,-0.002793,-0.002538,0.022508
2017-12-01,-0.024787,0.077826,-0.053846,-0.029126,-0.051977,-0.078891,0.016584,0.076784,-0.0568,0.006659,0.001035,0.123016,-0.090517,-0.001239,0.037565,0.028189,0.213857,-0.014545,0.073327,0.093818,0.01937,0.016444,0.105372,0.034849,-0.063538,0.032211,0.101405,0.089647,0.162035,-0.085044,-0.09937,-0.052855,0.024859,-0.051471,-0.026471,0.105925,-0.028588,-0.036388,-0.051107,0.000858,-0.015848,-0.030058,0.047297,,-0.007667,-0.017108,0.043966,-0.009792,0.162025,0.07563,0.010178,-0.025157
2018-01-01,0.046068,0.041768,0.00813,0.094444,0.079857,0.155093,0.154976,-0.012584,0.176243,0.01323,0.169538,0.217668,0.102686,0.051489,0.073346,-0.078821,-0.087865,,0.064902,0.02826,0.239905,-0.010111,0.09613,0.019243,0.173883,0.087943,-0.065862,0.125265,-0.108117,0.0,0.075369,0.019885,0.063947,0.316537,0.138973,0.071429,0.09947,0.05035,0.054758,0.072878,0.091787,0.011919,0.206452,,-0.04563,-0.00624,-0.060281,0.113721,0.117647,0.238281,0.143577,0.164516
2018-02-01,-0.05391,0.042226,-0.044355,-0.055838,-0.062914,0.006012,-0.094633,0.003399,-0.149366,-0.099021,-0.107248,-0.1509,-0.080229,-0.044248,-0.021809,-0.026042,-0.016999,,0.015237,-0.111379,-0.182631,-0.114402,-0.050906,-0.181368,-0.055475,0.424163,-0.033592,-0.077358,-0.007931,-0.038462,-0.125723,0.035849,-0.034197,-0.111874,-0.084502,0.046212,-0.043897,-0.026631,-0.104681,-0.097496,-0.041298,-0.102474,-0.108289,-0.270705,0.012649,-0.11236,-0.081722,-0.112098,-0.103314,-0.126183,-0.068282,-0.052632
2018-03-01,-0.065008,-0.000614,-0.080169,-0.041935,-0.058893,-0.151394,0.01092,-0.118544,0.025953,-0.050725,-0.039934,-0.079289,-0.101246,0.069753,0.010999,-0.006112,0.115038,,-0.118483,-0.061856,-0.089062,0.070358,-0.057882,0.119507,-0.010763,0.165395,-0.053858,-0.099182,-0.077655,-0.01,-0.050413,-0.027322,-0.111588,-0.097238,-0.137003,-0.141926,-0.06551,-0.058823,-0.070342,-0.036157,-0.049231,-0.032808,-0.086957,-0.198305,-0.152386,-0.053984,-0.038278,-0.045,-0.054348,-0.067389,-0.070922,-0.057017
2018-04-01,-0.003433,0.019451,-0.045872,-0.022447,-0.033792,0.084507,0.066358,-0.005764,0.022067,0.109415,0.00825,-0.025241,-0.010399,0.02337,-0.061158,-0.035357,-0.135536,,-0.023297,-0.007519,-0.038593,-0.056034,-0.03085,-0.038567,0.05502,-0.037183,-0.092854,-0.027242,-0.084193,-0.043771,-0.006963,0.005618,0.001208,0.034272,0.004317,-0.011814,-0.034751,-0.011628,0.013292,-0.067677,0.0,0.004071,-0.014778,-0.008457,-0.068671,-0.035419,-0.037811,0.001309,-0.052873,-0.034839,-0.02799,-0.009302
2018-05-01,-0.091301,0.081944,-0.177885,-0.043628,-0.007772,-0.088745,0.02026,-0.033817,-0.018431,-0.072248,-0.018752,-0.060168,-0.049037,0.142374,0.135296,-0.036653,0.203588,,0.197248,-0.038462,-0.051739,-0.011416,0.13373,0.016875,0.008839,-0.126669,0.142655,0.172695,0.150068,0.0,-0.081507,0.062073,0.013269,-0.039053,-0.025788,-0.060632,-0.011173,-0.026471,-0.074672,0.020365,-0.02589,0.009459,-0.056667,-0.110874,0.052848,0.00204,-0.05274,0.043137,-0.089806,-0.048128,-0.013089,0.00313
2018-06-01,-0.093839,0.029887,-0.093567,-0.087515,-0.086162,-0.027023,-0.023472,-0.155,-0.111051,0.108776,-0.081306,0.018935,-0.090277,-0.129319,-0.034759,-0.055839,-0.105854,0.241956,-0.066407,-0.039394,-0.041392,-0.212471,-0.012337,-0.156261,0.011755,-0.003659,0.031701,-0.025656,-0.070533,-0.077465,-0.096374,-0.018074,0.034162,-0.04803,-0.022549,-0.191818,-0.057941,-0.089124,-0.059978,-0.039247,-0.046512,,-0.060071,-0.079137,-0.042681,-0.067205,-0.159389,-0.025769,-0.013334,-0.080056,-0.04244,-0.031201
2018-07-01,0.075016,0.086337,0.08094,0.021477,0.056244,0.115533,0.041603,-0.150022,0.017501,0.031215,0.108389,-0.005738,0.058943,-0.04195,-0.037863,-0.023726,-0.106064,0.121973,-0.022594,-0.014649,-0.046756,0.024927,-0.006863,0.022575,0.150836,0.052632,-0.019448,-0.1054,0.028412,0.093843,0.0,0.043371,0.090134,0.0,-0.032515,-0.115812,0.072917,0.031845,0.213916,0.051553,0.052831,,0.109741,0.007812,0.074725,0.041297,0.111667,0.002594,-0.01939,0.119119,0.052344,0.055651
2018-08-01,0.015733,-0.080132,-0.095808,0.018397,-0.018092,-0.093211,0.011834,-0.047955,-0.028499,-0.009864,-0.003522,0.012366,0.076775,-0.046137,-0.085634,-0.078308,-0.201843,-0.032575,-0.099315,-0.059014,-0.001092,-0.045806,-0.092575,-0.076043,-0.036335,0.081008,0.00833,-0.13581,-0.123928,-0.068345,-0.072039,-0.06057,-0.035754,-0.001203,0.005438,0.002581,-0.023948,-0.020168,0.035156,0.022403,-0.022609,-0.023217,-0.037168,0.043928,-0.019256,-0.057569,-0.023838,0.040103,-0.039548,-0.018545,-0.019337,-0.047847
2018-09-01,0.028074,0.070882,0.099338,0.054194,0.061977,-0.003807,0.06598,0.001481,0.044431,-0.013333,0.084836,-0.008958,-0.00713,-0.007192,0.141681,-0.000977,0.080479,-0.13854,-0.072243,-0.002757,-0.008743,0.02259,0.10742,0.047345,-0.009157,-0.00251,0.00118,0.109469,0.101322,-0.015444,0.045508,0.035398,-0.04635,0.037992,0.102758,0.048906,0.057692,0.048027,0.051887,0.098643,0.039146,0.082173,0.060662,-0.002475,0.083944,0.026244,0.054945,0.152043,0.05,0.052326,0.047887,0.015075
2018-10-01,0.033898,-0.156883,-0.024096,-0.020808,0.007886,-0.025478,-0.113764,-0.099113,0.028161,-0.113739,-0.057999,0.035333,-0.02693,-0.104567,-0.185397,0.026393,-0.194929,-0.333176,-0.090164,-0.067726,0.009923,0.163476,-0.248082,0.111111,-0.110356,-0.137671,-0.133777,-0.233656,-0.225333,-0.043137,0.051339,-0.047009,-0.020656,-0.04183,-0.017165,-0.079755,0.010658,-0.00491,-0.013453,-0.071095,0.027397,-0.048906,-0.024263,-0.057072,-0.052098,-0.035714,-0.018518,-0.093784,-0.042017,-0.012431,0.0,-0.023102
2018-11-01,-0.02459,0.0111,-0.055556,-0.02625,-0.045383,-0.121569,-0.064976,0.165846,-0.0169,0.02033,-0.012452,0.039683,-0.02583,0.023215,-0.083364,-0.073333,0.096063,0.019774,0.021396,-0.015567,0.03821,-0.010127,0.029331,0.028517,-0.028109,-0.014173,0.006922,0.086098,-0.027539,0.020492,0.002123,-0.080717,-0.043424,-0.047749,-0.063872,0.090667,-0.011166,-0.024671,-0.000909,-0.0022,-0.025,-0.028417,-0.053286,-0.042105,-0.067439,-0.01326,0.029481,-0.084236,-0.008772,-0.06993,-0.02957,-0.04223
2018-12-01,-0.084967,0.013174,-0.03268,-0.051348,-0.060656,-0.032738,-0.144068,-0.064789,-0.050978,0.038605,-0.117338,-0.1,-0.020833,-0.054658,0.073239,-0.098664,-0.164152,-0.030817,0.063947,-0.009036,0.011567,0.097187,0.044265,0.118299,-0.079535,-0.099366,0.043996,0.007273,0.085546,0.028112,-0.067797,0.10662,0.067445,-0.074499,-0.042644,-0.066015,-0.062735,-0.053963,-0.010919,-0.116396,-0.010256,-0.026462,-0.007505,-0.024725,-0.094298,-0.055144,0.033219,-0.052562,-0.01475,-0.042105,0.0,-0.038801
2019-01-01,0.094898,-0.028763,-0.006757,0.024357,0.038394,0.078462,0.134653,0.072289,0.140537,0.093525,0.159127,0.092451,0.027079,-0.040727,-0.002625,-0.025086,-0.001719,0.168274,0.026943,0.008359,0.139293,-0.075758,0.168794,0.014215,0.108948,0.130986,0.021071,0.155235,0.09837,-0.0625,0.145455,0.034635,0.038882,0.080495,0.10412,0.074607,0.097724,0.064171,-0.071757,0.122638,0.079447,-0.042919,0.069943,-0.005634,0.084066,0.116233,-0.053215,0.015257,-0.107784,0.10989,0.019391,0.049541
2019-02-01,0.094129,0.16146,0.204082,0.099075,0.097479,0.0699,0.048866,0.172753,0.287514,0.139254,0.086614,0.025621,0.210923,0.108415,0.064662,0.246784,0.238915,0.249847,0.095863,0.171816,0.031934,0.095839,0.094852,0.062581,0.091777,0.26484,0.042562,0.03,0.026719,0.104167,0.260913,-0.007912,0.044444,0.065903,0.030761,0.20341,0.089024,0.075377,0.129832,0.111623,0.024,0.100149,0.015901,0.206799,0.103829,0.246924,0.107728,0.069672,0.201342,0.015559,0.043478,0.145105
2019-03-01,-0.039182,0.0854,0.033898,-0.008414,-0.029096,-0.036,-0.044925,0.023952,0.05402,0.230029,0.068683,0.077971,0.055988,0.023598,-0.079449,0.045966,0.034746,0.11402,0.583794,0.003215,0.215738,-0.01611,0.131098,-0.046626,0.07701,0.11257,0.003299,0.038228,-0.017831,0.011321,0.103855,0.034969,-0.06607,0.063172,-0.040607,0.097166,0.017357,-0.034268,0.009649,0.101271,-0.025,-0.012228,-0.031304,-0.016432,0.000588,-0.002114,-0.038055,-0.029374,-0.019553,-0.032033,-0.018229,-0.039695
2019-04-01,0.06117,0.136444,-0.071038,-0.027879,0.009464,-0.008299,-0.010453,-0.008187,-0.070218,-0.041471,0.015625,-0.052669,-0.017673,0.04143,0.050249,-0.078924,-0.022834,-0.006589,0.180814,-0.017308,-0.117818,-0.071345,0.140529,-0.061454,0.046359,-0.068732,0.03247,0.004091,0.154563,0.011194,-0.003564,0.0,0.021583,0.096081,0.00408,-0.063653,0.096313,0.027419,-0.05821,0.116732,0.003205,-0.031637,0.043088,-0.004773,0.062867,0.069915,-0.050549,-0.025,-0.054131,0.070504,0.03183,0.0
2019-05-01,-0.070175,-0.021096,0.035294,-0.064838,-0.045312,-0.051605,-0.044014,-0.152123,-0.126302,-0.014694,-0.006967,-0.062187,-0.110944,-0.06256,-0.125274,0.278481,-0.149828,-0.115332,-0.184146,-0.030007,-0.044518,0.020151,-0.086242,0.065821,-0.010013,-0.051568,-0.101115,-0.074505,-0.146621,-0.070111,-0.134478,0.049793,-0.018779,-0.041522,-0.066023,-0.166502,-0.117972,-0.089482,-0.132841,-0.069084,-0.047923,-0.086647,-0.034423,-0.035971,-0.048646,-0.137954,-0.084491,-0.035088,-0.021085,-0.061828,-0.002571,-0.081081
2019-06-01,0.081578,0.211744,-0.039773,0.026667,0.03928,0.031746,0.056784,0.073713,0.182812,0.083679,0.051739,0.049342,0.047701,-0.007529,0.064718,-0.018405,0.022635,0.124869,-0.033087,0.058507,0.029336,0.267901,0.121954,0.32422,0.082776,0.177398,0.041228,0.087421,0.075697,0.023809,0.172727,0.010728,0.024696,-0.006017,0.108211,0.131206,0.08064,0.018965,0.058511,0.121646,0.026846,0.013997,0.049911,-0.024876,0.06072,0.084631,0.022756,-0.025176,0.16,0.065903,0.011852,0.032872
2019-07-01,0.016267,-0.011936,-0.061025,0.004657,0.010057,-0.018462,-0.036563,-0.050632,-0.02436,0.100394,0.043102,0.113636,-0.037338,-0.012913,0.025473,-0.124611,0.039526,0.02781,-0.04312,-0.05026,0.071367,-0.085683,-0.011585,0.023318,-0.04747,0.069568,-0.008799,-0.026605,0.121795,0.003937,-0.012648,0.085942,-0.023486,0.051089,-0.013913,-0.05417,0.045927,0.001449,-0.003607,-0.005868,-0.001294,-0.004908,-0.000124,-0.043367,0.085687,0.048376,-0.025958,-0.053779,-0.002061,0.033955,-0.008021,0.035335
2019-08-01,-0.049705,0.023157,-0.050633,-0.042328,-0.042834,-0.089342,-0.055029,-0.097527,-0.023684,-0.046034,-0.062363,-0.053483,-0.013491,-0.019746,0.009662,0.033808,0.064841,0.016598,-0.075547,-0.02983,-0.079508,0.043757,0.174172,0.327748,-0.00253,0.115478,-0.026631,-0.032763,0.079221,-0.035294,-0.01443,-0.005342,-0.020253,-0.059107,-0.027069,-0.118436,-0.102457,-0.067496,-0.062822,-0.008741,-0.068847,-0.055032,-0.044326,-0.04,-0.020725,-0.028292,-0.057159,-0.059908,0.0,-0.063772,-0.048518,-0.058923
2019-09-01,0.049645,-0.050803,-0.026667,0.019337,0.036145,0.017212,0.031474,0.009132,0.007168,0.060134,0.013711,0.063197,0.02735,-0.032374,-0.051834,-0.064544,-0.086076,-0.012525,0.007885,0.004193,0.028495,-0.112474,0.007005,-0.150201,0.04844,-0.036795,-0.02052,-0.038341,-0.057361,-0.028455,0.046852,-0.020945,-0.01938,0.101282,0.004815,0.013942,0.020967,0.020952,0.03956,0.00526,0.007394,-0.001664,0.025974,-0.022222,-0.077513,-0.047487,0.005494,0.023991,-0.106557,0.013043,0.014164,0.008945
2019-10-01,0.056588,-0.044247,-0.061644,0.014905,0.021595,-0.018613,-0.023904,0.004525,-0.034698,-0.056723,0.021583,0.007692,0.021631,0.022305,-0.011775,-0.075437,0.007519,0.033069,-0.016358,-0.016006,0.030303,-0.051843,0.026096,-0.06226,0.019836,-0.042732,-0.010708,0.045752,0.068511,-0.025105,-0.013986,-0.020296,0.00527,0.004657,-0.018104,0.0375,0.067884,0.033582,-0.008457,0.012408,0.029358,-0.04,0.068716,-0.036932,-0.010324,0.217249,-0.016394,-0.050081,0.033639,0.042918,0.033519,0.086879
2019-11-01,-0.047962,-0.014689,-0.065693,-0.008011,0.003252,-0.056897,0.018367,-0.007508,-0.013364,0.074981,0.01493,0.001388,-0.070033,-0.032727,-0.010638,-0.010945,-0.012176,0.06139,-0.047722,-0.003536,0.0,-0.047388,-0.043228,-0.053178,0.086338,-0.061211,0.046118,0.06625,0.032258,-0.030043,-0.025532,0.015118,0.039318,-0.041715,-0.066703,0.018072,0.009081,0.00361,0.030917,-0.051067,-0.017825,-0.019097,-0.020305,-0.032448,-0.007534,-0.019133,-0.031944,-0.04932,0.053254,-0.026063,-0.018919,-0.021207
2019-12-01,0.038623,0.048183,0.03125,0.032301,0.02269,0.04936,0.024048,0.086233,0.181691,0.177486,0.04302,0.121275,0.031524,0.080073,0.025806,0.090543,0.057654,0.160297,0.098709,0.201561,0.218487,0.081633,0.04783,0.084081,0.196507,0.023055,0.079172,0.143025,0.002701,0.035398,0.125182,0.013789,0.035309,0.060459,0.06043,0.146746,0.048174,0.021583,0.048604,0.022004,0.021779,0.051328,0.015544,0.079268,0.104818,0.062786,0.02439,0.042934,0.289326,0.01831,0.016529,0.028333
2020-01-01,-0.082458,-0.124063,-0.05303,-0.035202,-0.03645,-0.054007,-0.033268,-0.104457,-0.055336,-0.059824,-0.02049,-0.052534,-0.040747,-0.029454,-0.051992,-0.064576,-0.015789,-0.075841,-0.076019,-0.10632,-0.091724,-0.043632,-0.110059,-0.004598,-0.124088,0.146479,0.02501,-0.047692,0.027318,-0.051282,-0.058862,-0.066921,-0.062119,-0.057013,-0.053151,-0.148607,-0.061111,-0.045775,-0.071006,-0.023052,-0.028419,-0.063973,-0.027211,-0.067796,-0.049683,-0.074849,-0.053221,-0.03259,-0.06536,-0.035961,-0.02168,-0.056726
2020-02-01,-0.044053,-0.047405,-0.064,-0.060811,-0.059211,-0.042357,-0.068826,-0.104199,-0.02092,0.087336,-0.070905,0.056099,-0.030088,-0.044241,-0.017691,-0.102564,0.026738,-0.093816,-0.033657,-0.095175,0.085801,0.0,0.003989,0.044657,0.142917,0.414619,-0.057747,-0.083468,0.054307,-0.054054,-0.023368,-0.006997,-0.08052,-0.061669,-0.074074,-0.095757,-0.06993,-0.057196,0.008493,-0.06911,-0.04936,-0.034173,-0.073427,-0.072727,-0.113181,-0.087105,-0.053254,-0.101064,-0.030303,-0.067432,-0.016621,-0.06701
2020-03-01,-0.064516,-0.07457,-0.017094,-0.069065,-0.001748,-0.063462,-0.036957,-0.105903,-0.052991,-0.007458,-0.05614,-0.081532,-0.047445,-0.030222,-0.076992,-0.012088,0.22247,-0.123087,-0.078173,-0.077429,-0.014685,-0.004932,0.051088,0.012382,0.004375,-0.121581,-0.172205,-0.153937,-0.234813,-0.033333,-0.096411,0.015267,-0.039548,-0.065722,0.015,-0.127346,-0.079815,-0.054794,0.034737,-0.11001,-0.007692,0.001862,-0.028302,-0.058823,-0.115083,-0.105603,0.025,-0.088757,-0.112981,-0.024615,-0.019718,-0.04604
2020-04-01,0.047291,0.162638,-0.06087,0.01391,0.031524,0.0,0.006772,0.048544,0.069495,0.135838,0.087051,0.092132,0.0,0.013018,-0.078049,0.004449,0.023433,0.090909,0.015953,0.01346,-0.046842,0.040892,0.139244,0.056785,0.088203,0.146812,0.031804,0.073611,-0.052925,-0.019704,0.003894,0.009254,0.055882,0.06069,-0.019089,0.113671,0.044626,0.031056,-0.005087,0.076478,0.003876,0.089219,0.003883,-0.010417,0.090361,0.083523,-0.056402,-0.038961,0.05962,0.014195,0.0,0.003861
2020-05-01,-0.005644,0.023904,0.018518,-0.028963,-0.033956,0.004107,-0.071749,-0.062963,-0.060338,-0.067176,-0.036193,-0.065271,-0.049809,-0.024143,-0.051852,0.124031,-0.085638,0.063426,0.006612,-0.003906,-0.050633,0.104762,0.079719,0.02232,-0.052702,-0.017169,-0.00758,0.070505,-0.061275,-0.085427,-0.103957,-0.003438,-0.050139,0.027308,0.028249,-0.107586,-0.031288,-0.02008,-0.115542,-0.033445,-0.013514,-0.104096,-0.009671,-0.017544,-0.080923,-0.103013,-0.056543,-0.042793,-0.033248,-0.009331,-0.00862,-0.034615
2020-06-01,0.000946,-0.004421,-0.018182,-0.000221,-0.003515,-0.010969,-0.011682,0.021739,0.082622,0.023459,-0.002957,0.029248,-0.012091,0.082203,-0.00279,-0.081773,0.100813,0.075516,0.050082,0.055686,0.07451,-0.015086,0.082934,-0.012938,-0.034321,0.26361,0.062627,0.069486,0.08564,0.016484,0.089177,0.089132,0.032258,-0.023134,-0.047715,0.021638,-0.019876,0.004098,-0.031214,0.009758,0.003914,-0.04381,0.023984,-0.014286,0.005037,0.062891,-0.046233,0.001411,0.164021,-0.009419,0.008696,0.025896
2020-07-01,0.033405,-0.057444,0.083333,0.039216,0.038869,0.078947,0.023018,0.030948,0.242638,0.146956,0.065274,0.05548,0.049587,0.006616,0.070041,0.331545,0.850557,0.35207,0.176509,0.210884,0.066002,0.243178,0.147175,0.174495,0.160839,0.066213,0.204815,0.039408,0.04963,0.13203,0.120827,0.005344,-0.011079,0.058663,0.067549,0.039781,0.038959,0.045963,0.074274,0.063025,-0.014018,0.109562,-0.004016,0.19203,0.082936,0.369045,0.048474,0.062053,0.354396,0.017272,0.010181,0.046534
2020-08-01,0.0,0.136376,-0.008547,0.011006,0.001805,0.004065,0.0075,0.099437,0.078041,0.048792,0.083046,0.032051,0.021654,0.098373,0.026403,-0.004835,-0.119074,0.084332,-0.029093,-0.035207,0.023588,-0.038801,0.064546,-0.054134,-0.008303,-0.108677,0.187705,0.238889,0.184762,0.004902,0.075887,0.050626,0.020031,0.106959,0.054142,0.061494,0.031928,0.008282,0.015927,0.009486,-0.006303,0.036448,0.0,-0.039514,0.044392,0.19704,0.028849,-0.004494,0.22906,0.013072,-0.015015,0.011628
2020-09-01,-0.093629,-0.099738,-0.008621,-0.046656,-0.045045,0.010121,-0.029777,-0.010239,-0.05566,0.12421,-0.044839,-0.013043,-0.06551,-0.091582,0.025188,-0.130364,-0.104159,-0.054441,-0.052962,-0.09283,0.016061,-0.077982,-0.066051,-0.120386,-0.09276,-0.088284,0.117667,-0.021525,0.000804,-0.014634,-0.067238,-0.008808,-0.037764,-0.08149,0.019183,-0.022069,-0.001856,-0.039014,-0.071669,0.005431,-0.040169,-0.0375,-0.008065,-0.079113,0.012654,0.01717,-0.06314,-0.052649,-0.144645,-0.008065,-0.02439,-0.032567
2020-10-01,-0.013845,-0.038965,-0.008696,-0.011419,-0.003774,0.07014,0.015345,-0.05,-0.04662,0.042587,0.105833,-0.033354,-0.016495,-0.002965,0.210141,-0.062384,0.10731,0.132612,-0.022075,0.04446,-0.082474,-0.074627,0.000911,-0.067451,-0.079986,0.129286,0.157147,0.139322,0.249799,-0.029703,-0.007774,-0.008887,0.006279,-0.030418,0.010929,-0.042313,0.103534,-0.002137,0.004825,0.020587,-0.002203,-0.00371,0.0,-0.013745,0.022429,0.037137,-0.018215,-0.009733,0.136585,0.022764,-0.00625,0.0
2020-11-01,0.086393,0.187897,0.061404,0.077558,0.003788,0.162921,0.074359,0.143376,0.05833,0.18343,0.110274,0.121094,0.027254,0.0,0.14514,0.344588,-0.043766,0.034527,0.121144,0.486486,0.133333,0.024731,0.026281,0.002523,0.11133,0.012746,0.069904,0.084875,0.004499,0.096939,-0.018607,0.060654,0.057722,0.126797,0.178378,0.16053,0.180899,0.044968,0.031212,0.156752,0.039735,0.052142,0.081301,0.439025,0.211219,-0.079644,0.050093,0.058968,0.329042,0.136725,0.037736,0.037624
2020-12-01,-0.037773,-0.036424,-0.033058,-0.042879,-0.018868,-0.041868,-0.038186,-0.053968,-0.029703,0.139043,-0.005656,-0.081301,-0.089796,-0.111524,-0.078084,-0.033235,0.038269,0.121182,-0.085906,-0.093182,-0.107733,-0.075551,0.165755,-0.009228,-0.086372,0.00389,0.198254,0.083055,-0.078055,0.046512,-0.047407,-0.04724,-0.047197,-0.062645,-0.082059,-0.049492,-0.007136,-0.008197,-0.080326,-0.033878,-0.048832,-0.067257,-0.06203,-0.121065,-0.006468,-0.094789,-0.061837,-0.037123,0.0,-0.121678,-0.036364,-0.024809
2021-01-01,0.028926,0.044145,-0.017094,-0.024,-0.017308,0.102521,-0.019851,-0.021812,-0.035714,0.156661,0.162685,-0.127054,-0.060538,-0.011297,-0.102291,0.359817,-0.157807,0.228032,0.005874,-0.055639,-0.197778,-0.043133,0.059149,-0.059695,-0.022859,-0.01778,0.227888,0.09038,0.037127,-0.066667,-0.046656,0.02714,-0.013932,-0.009901,-0.03387,-0.038718,0.106852,-0.022727,-0.021519,-0.090825,-0.004464,0.003795,0.02004,-0.118458,-0.096615,-0.058348,0.177024,-0.014458,0.033369,0.076433,-0.003144,0.023483
2021-02-01,0.058233,-0.216709,0.339131,0.022951,0.013699,0.146341,0.141772,0.041166,-0.038801,0.016065,0.0,0.125272,0.033413,0.142615,-0.031449,0.16236,0.012536,0.169946,0.207299,0.480892,0.170822,0.105575,0.003119,0.0,0.057494,-0.143653,-0.197458,-0.091994,-0.136835,-0.004762,-0.013866,0.003557,0.025118,0.1,0.020115,0.123611,0.068398,0.008457,0.012937,0.077137,0.024664,0.079395,0.05501,0.328126,0.273854,-0.082711,0.097601,0.066015,0.269792,0.073965,0.022082,0.0
2021-03-01,0.042694,-0.064318,0.012987,0.032051,-0.025097,0.074468,-0.039911,0.131796,-0.123303,-0.169302,0.0,-0.084299,-0.013857,0.109259,-0.074353,-0.075882,-0.135752,-0.192661,-0.124547,-0.207168,-0.052839,-0.10515,-0.0536,-0.040522,-0.039745,-0.032249,-0.026822,0.078147,0.068605,0.095694,-0.084367,0.08557,0.073507,0.15,0.132394,0.118665,-0.023906,0.006289,0.022988,-0.076074,0.083151,0.035026,0.031657,-0.112941,-0.143698,-0.04041,-0.06414,-0.013761,-0.210829,0.012397,0.033951,0.042065
2021-04-01,-0.085532,-0.151295,-0.057692,-0.031056,-0.069307,0.068069,-0.011547,-0.075691,-0.001674,-0.095754,0.031311,-0.016163,-0.004684,0.021035,0.019827,0.064331,0.513948,-0.015454,-0.061464,0.200723,-0.020816,0.026379,-0.001105,-0.091506,-0.042757,-0.070288,0.113932,0.06254,-0.052593,-0.008734,0.0,-0.068563,-0.018545,-0.093874,-0.044279,-0.096133,-0.097551,-0.008333,-0.036205,-0.061439,-0.028283,-0.087987,-0.074007,0.177719,-0.130814,0.039283,-0.070093,-0.011628,0.14657,-0.084354,-0.029851,-0.049541
2021-05-01,0.021891,0.007123,0.115646,0.030449,0.004255,-0.086906,0.03271,0.00315,0.094759,-0.019106,0.104175,-0.034286,0.023529,0.379333,0.010967,0.079607,0.152058,0.058789,0.047093,-0.012048,-0.086735,0.13785,0.105253,0.103822,0.0,0.098173,0.018703,-0.089345,-0.060873,0.066079,0.056911,-0.005508,-0.004361,0.145038,0.040083,0.028117,0.063017,0.031513,-0.010363,-0.009655,0.018711,0.0,0.015594,0.177928,0.045911,0.100695,0.013401,0.087059,0.018132,0.029718,0.024615,0.015444
2021-06-01,-0.02629,-0.02748,-0.054878,-0.037325,-0.020856,0.011095,0.014985,-0.054945,-0.04481,-0.018887,-0.06874,-0.109467,0.008482,-0.031532,0.083333,-0.054567,0.039337,0.000368,-0.034434,-0.147104,-0.046555,-0.11499,-0.064172,-0.100608,-0.122317,-0.082483,0.068082,-0.1412,0.070934,0.004132,-0.017094,0.039275,-0.039416,0.039911,-0.023023,-0.074911,-0.074538,-0.008147,-0.027487,-0.104735,0.0,-0.027829,-0.007678,0.013384,-0.120058,-0.068956,0.004959,0.164119,-0.137133,-0.040404,-0.017414,-0.030418
2021-07-01,-0.051614,-0.199044,0.83871,-0.068916,-0.097506,0.036649,-0.084862,-0.111295,-0.094226,-0.146199,-0.120392,-0.168605,-0.046296,-0.162546,-0.137005,1.304348,0.141703,0.045028,-0.090867,0.158552,-0.125798,-0.030816,-0.183649,-0.083756,-0.137637,0.076368,-0.123228,-0.035893,-0.236392,-0.041841,-0.018261,-0.046053,-0.035951,-0.170152,-0.039636,-0.154242,-0.140146,-0.061016,-0.010767,-0.165059,-0.064587,0.041931,-0.064478,0.126415,-0.10183,-0.156851,-0.036184,-0.115312,0.070309,-0.08724,-0.029221,-0.060543
2021-08-01,0.002215,0.122438,0.319298,0.021898,-0.002513,0.286616,0.067669,0.076635,0.155545,0.056809,0.052903,0.208017,0.01699,-0.032705,0.053435,0.216562,-0.226917,-0.061731,0.103589,0.027498,0.247312,0.065854,-0.072061,0.025057,0.128814,-0.064246,-0.008282,0.09841,0.20145,0.078603,0.151268,0.017895,0.032313,0.074456,0.176471,0.100304,0.046972,0.011655,0.070757,-0.070244,0.03271,0.068311,0.006536,0.306533,0.010761,0.03,0.186842,0.055556,0.083902,0.015625,0.013378,0.011013
2021-09-01,-0.005525,0.022648,-0.156915,-0.005357,-0.015113,-0.146222,0.084256,0.003472,-0.015576,-0.030118,0.030433,0.231782,-0.019093,-0.044776,-0.012422,-0.237119,-0.173776,0.000469,-0.000739,-0.078025,0.072797,-0.042334,0.174583,0.089444,0.021021,-0.011045,-0.117954,-0.033629,-0.016379,0.315789,-0.044847,0.137539,0.031301,-0.035181,0.133,0.027625,-0.010811,0.004608,0.035387,-0.030862,0.0181,0.005329,0.008658,-0.00641,0.031939,0.033287,-0.08,0.244431,-0.091809,0.020513,0.006601,-0.006536
2021-10-01,-0.006667,0.19322,-0.113565,0.010772,-0.005115,-0.143544,-0.047085,0.134948,0.023734,-0.097484,0.069772,-0.104775,-0.007299,0.022959,0.062893,0.142986,-0.043977,-0.011991,-0.079142,-0.047833,-0.09375,-0.005974,-0.002142,0.015808,-0.066667,-0.040145,0.169231,0.040153,0.171779,-0.141538,0.017298,-0.034091,0.014377,0.071823,-0.122242,0.143817,0.018033,0.016055,-0.058228,0.041973,0.004444,-0.072438,0.002146,-0.207742,0.00958,0.0,-0.043478,-0.088186,0.03667,-0.0067,0.0,-0.004386
2021-11-01,-0.048098,-0.182576,0.02847,0.001776,0.0,-0.085554,-0.049412,-0.067073,-0.08153,-0.046167,-0.083009,0.102707,-0.037359,0.131858,-0.016272,0.063636,0.12,-0.092159,0.004819,-0.021468,-0.014778,0.001202,0.05733,-0.041165,-0.048845,0.02327,-0.069028,0.000735,-0.035153,-0.089606,-0.042105,-0.080941,-0.040945,-0.064948,-0.017597,-0.06228,-0.03328,-0.011287,-0.018817,-0.027234,0.011062,0.009524,-0.019272,-0.153094,-0.011314,-0.008389,0.025253,-0.140511,-0.029637,-0.028668,0.0,-0.008811
2021-12-01,0.00235,0.081789,-0.034602,-0.007092,0.002571,0.098159,0.04703,0.112745,0.111064,0.041096,-0.015761,0.12852,0.012887,0.238777,0.034085,-0.149015,-0.126071,0.05483,0.009592,-0.020184,0.297,-0.012005,0.061753,-0.01466,0.112645,0.102643,0.025005,0.09809,0.096899,0.248031,0.036348,0.162314,0.050903,-0.012128,0.152508,0.14411,0.05719,0.013699,0.068493,0.045417,0.008753,0.092453,0.010917,0.171154,0.001107,0.018274,0.0,0.042463,-0.044335,0.017361,0.0,0.026667
2022-01-01,-0.014068,0.081388,-0.16129,0.005357,-0.005128,-0.01676,-0.009456,0.076358,-0.013504,-0.116667,0.010265,0.004479,-0.05598,-0.068253,-0.095492,-0.18821,-0.130977,-0.105446,-0.015044,-0.096283,0.002313,-0.038882,-0.079512,-0.003719,-0.027047,-0.027035,0.009334,-0.074941,-0.028622,-0.170347,-0.063622,-0.034361,0.032812,0.095982,0.000888,0.097481,0.096639,0.011261,0.033333,-0.008728,0.028199,0.074266,0.006479,-0.136289,-0.031711,-0.084081,-0.044335,0.022403,0.006186,0.022184,0.013115,0.006493
2022-02-01,-0.002378,0.036839,0.145299,0.0,0.007732,0.025568,0.033413,-0.05457,-0.051626,-0.026316,0.011989,0.007643,0.02965,0.092818,-0.029475,0.323561,-0.003057,0.049253,-0.011254,0.098117,-0.022308,0.10493,-0.051192,0.1072,0.027799,-0.101977,-0.075242,-0.078119,-0.077483,0.072243,-0.020906,0.057482,0.030257,-0.00611,0.119787,-0.013972,0.056992,0.004454,-0.009926,0.01581,0.008439,-0.001608,0.0,0.231939,0.006855,0.044267,-0.005155,0.149403,0.14959,0.006678,0.003236,-0.010753
2022-03-01,-0.046484,-0.060172,-0.16791,-0.012433,-0.023018,-0.065097,-0.002309,-0.106782,-0.104158,-0.106578,-0.060241,0.118837,-0.065445,0.020524,-0.061292,-0.212965,0.257783,-0.14673,-0.113821,-0.129964,0.123525,-0.097254,-0.039879,0.035645,-0.020099,-0.269537,-0.191364,-0.093762,-0.213328,-0.106383,-0.08363,-0.050906,0.008811,0.093238,0.179477,-0.077936,-0.063435,0.015521,-0.0401,-0.045508,0.069038,-0.028985,0.023605,-0.101852,-0.133132,-0.088256,-0.067358,-0.043328,0.010695,0.043118,0.054839,0.106522
2022-04-01,0.00375,0.004065,-0.156951,-0.019784,-0.031414,-0.042963,0.00463,0.050081,-0.057895,-0.058219,-0.146795,0.023729,-0.014006,-0.216303,-0.061765,-0.182029,-0.194075,-0.006677,-0.076147,-0.0861,0.0,-0.084918,0.06363,-0.108837,0.011902,-0.164192,-0.000843,0.121645,-0.017544,0.198413,-0.121359,0.032727,-0.030568,0.08716,0.033927,0.039517,-0.009192,-0.002183,0.099217,-0.080289,-0.005871,0.174129,0.002096,-0.182131,-0.092496,-0.030107,-0.064815,-0.025362,-0.02381,-0.034976,-0.012232,-0.011788
2022-05-01,-0.011208,0.020445,0.069149,-0.023853,0.02973,-0.009288,0.02765,-0.001539,0.005079,0.027273,-0.006011,-0.14404,-0.011364,0.271362,0.077743,0.099432,0.019079,0.080539,0.059583,0.028377,-0.167367,-0.00554,-0.013318,-0.040188,-0.078328,0.016956,0.160048,-0.020069,0.125,0.192053,0.00884,0.057218,0.007507,-0.068966,0.103314,0.023231,-0.040527,-0.032823,-0.057007,-0.008079,-0.033465,-0.072034,-0.025105,0.081932,0.021635,-0.023576,0.00198,0.052045,-0.091238,-0.014827,-0.012384,-0.075547
2022-06-01,0.008816,0.124777,0.178526,0.04487,0.032585,-0.020313,-0.018161,0.126348,0.094492,0.154586,0.06324,0.125725,0.005521,0.135495,0.036067,0.0222,0.019887,0.152996,-0.045923,-0.016004,0.130362,0.029248,0.145587,0.009244,0.023959,0.121384,0.041604,0.081528,0.043084,0.086111,0.07448,-0.037469,-0.017884,0.006243,-0.019435,0.198142,0.066723,0.027149,-0.005038,0.091266,0.014256,-0.065449,0.023605,-0.07767,0.107294,0.250704,0.027668,-0.046798,-0.054362,0.013378,0.021944,0.021505
2022-07-01,-0.042936,-0.0903,-0.038298,-0.017275,-0.021505,-0.05814,0.007353,-0.124487,-0.095106,-0.105981,-0.132685,-0.011064,-0.00578,-0.110061,-0.052525,-0.107509,-0.004309,-0.137024,-0.001587,-0.025887,-0.077018,0.010739,-0.071667,-0.011812,-0.078798,-0.039613,-0.018895,-0.097232,-0.008112,-0.025575,-0.017395,0.067944,-0.009225,-0.007678,-0.082248,-0.16882,-0.107035,-0.013831,-0.037919,-0.09788,-0.001311,-0.026711,-0.022046,-0.016842,-0.102406,-0.082802,-0.009616,-0.018868,-0.042872,-0.022266,0.007797,-0.018817
2022-08-01,0.001377,0.093835,-0.110619,0.003906,-0.010989,-0.059965,0.03893,0.00625,0.023639,-0.075704,-0.00057,0.037792,0.031977,-0.000586,-0.044472,-0.039516,-0.080638,0.058184,-0.038306,-0.02847,-0.005968,0.016575,0.013464,-0.021323,-0.017846,-0.036451,-0.047782,0.063413,-0.148655,0.141732,0.014989,0.004188,0.066116,0.027079,0.079715,0.068394,-0.037141,-0.009592,0.009511,0.040836,-0.008658,-0.00519,0.0,-0.027422,0.038633,0.101543,0.007977,0.026923,-0.014558,-0.008977,-0.006536,0.027523
2022-09-01,-0.031637,0.024105,-0.084577,-0.021401,-0.058333,-0.013133,0.04314,0.031056,-0.107582,-0.11873,-0.039943,0.040462,-0.056338,-0.025668,-0.07563,-0.118779,-0.267592,0.039855,-0.055556,-0.069597,-0.01458,0.004076,-0.026767,-0.043017,-0.097431,-0.123942,-0.083205,-0.04252,-0.115158,-0.064368,-0.086498,-0.05171,0.049613,-0.009416,0.042848,0.015519,-0.026885,-0.004843,-0.061911,-0.051551,0.008734,-0.090435,-0.006849,-0.084257,-0.03052,0.030293,-0.063872,-0.001606,-0.109091,0.0,0.016447,0.017857
2022-10-01,-0.056818,-0.076151,-0.043478,-0.047714,-0.026549,-0.053466,-0.051282,-0.027109,-0.012055,-0.027378,-0.202972,-0.233333,0.002985,0.070252,-0.038462,-0.088855,0.117388,-0.12747,0.00222,0.010499,-0.319408,0.008119,-0.279039,0.009924,-0.157237,0.388636,-0.066462,-0.160275,0.015133,0.07371,-0.025404,-0.109059,-0.053176,-0.019011,-0.114096,-0.076409,-0.097297,-0.017032,-0.014347,-0.110601,-0.036797,-0.045889,-0.045977,-0.065375,-0.063945,-0.159026,0.012793,-0.066277,0.010204,-0.032609,-0.02589,-0.050439
2022-11-01,0.087349,0.039341,0.130682,0.093946,0.066667,0.172557,0.113022,0.153251,0.151656,0.178519,0.303505,0.206522,0.337723,0.008205,0.104,0.081405,0.123221,0.113738,0.081949,0.128572,0.496164,0.083221,0.184444,0.182081,0.177512,-0.062602,0.110679,0.179327,0.100775,0.036613,0.059242,0.047384,0.068643,0.004845,0.089904,0.081696,0.177645,0.061881,0.180495,0.24343,0.060674,0.178357,0.036145,0.158031,0.279033,0.359023,0.128421,0.093946,0.241162,0.046816,0.046511,0.161663
